id,addr
2,"400 Northumberland Avenue, Redwood Oaks, Redwood City"
3,"18300 Sutter Boulevard, Morgan Hill"
5,"3200 Huntsman Drive, Rosemont Park, Sacramento"
6,"100 Carlsbad Circle, Vacaville"
7,"Unnamed Road, Vacaville"
8,"700 Carlsbad Court, Petaluma"
9,"500 Hyde Street, Tenderloin, San Francisco"
10,"3200 Nightingale Drive, Modesto"
11,"0 Mesa Vista Court, San Ramon"
12,"Gate 1 Entrance Road, Calistoga"
13,"1400 Eureka Road, Lead Hill, Roseville"
14,"900 Crestview Street, Salinas"
16,"600 9th Street, Pacific Grove"
17,"200 Vía Gayuba, Monterey"
20,"900 Sutter Street, Lower Nob Hill, San Francisco"
21,"3400 Pierce Street, Marina District, San Francisco"
23,"300 East Bell Avenue, Fairfield"
24,"400 Cinnamon Way, Suisun City"
25,"400 Bowline Drive, Vacaville"
26,"Cornell Street, Sonoma"
27,"Entrada, Santa Rosa"
28,"9300 Lakewood Drive, Windsor"
30,"2200 Central Avenue, Alameda"
31,"5900 San Diego Street, El Cerrito"
36,"1900 Carnation Way, Manteca"
37,"1800 Newcastle Drive, South Los Altos, Los Altos"
38,"Unnamed Road, Mount Hamilton"
39,"Maxwell Al, Vallejo"
40,"1800 Blossom Avenue, Fairfield"
41,"1700 Felicia Lane, Concord"
42,"7400 Northland Avenue, San Ramon"
43,"1600 Folsom Avenue, San Pablo"
44,"1700 Egbert Avenue, Bayview, San Francisco"
46,"500 Chester Street, West Oakland, Oakland"
47,"9700 Birch Street, Cox, Oakland"
48,"2800 E Street, Central Sacramento, Sacramento"
52,"2800 Gay Avenue, East San Jose, San Jose"
55,"6100 Plymouth Avenue, Richmond"
56,"Wildcat Marsh Trail, Richmond"
57,"1700 Bayo Vista Avenue, San Pablo"
58,"5600 Genoa Street, Santa Fe, Oakland"
59,"4900 Antioch Street, Union City"
60,"33900 Emilia Lane, Ardenwood, Fremont"
61,"5400 Ridgewood Drive, Ardenwood, Fremont"
62,"3500 Ellery Common, Central District, Fremont"
63,"39300 Wilford Street, Sundale, Fremont"
64,"5200 Selma Avenue, Centerville, Fremont"
65,"42600 Everglades Park Drive, Blacow, Fremont"
66,"4100 Piedmont Terrace, Vineyards - Avalon, Fremont"
69,"1100 Prospect Street, Seaside"
73,"2100 Fieldcrest Avenue, Fairfield"
74,"300 West Humboldt Street, Central San Jose, San Jose"
75,"0 Napa Road, Sonoma"
76,"700 Lakeville Circle, Petaluma"
77,"2000 Harmil Way, Central San Jose, San Jose"
78,"1400 Thomas Avenue, Bayview, San Francisco"
79,"1500 California Street, Polk Gulch, San Francisco"
80,"0 Farren Street, Western Addition, San Francisco"
81,"0 Berkeley Way, Diamond Heights, San Francisco"
82,"2700 25th Street, Mission District, San Francisco"
83,"300 Mason Street, Healdsburg"
86,"300 Ruth Avenue, Monta Loma, Mountain View"
87,"2200 Wyandotte Street, Mountain View"
88,"300 East 9th Street, Gilroy"
89,"100 Berry Street, Santa Cruz"
90,"300 Heathcliff Drive, Westview, Pacifica"
91,"700 Industrial Road, San Carlos"
92,"Lincoln Highway, West Sacramento"
93,"27200 Meadowbrook Drive, Old Willowbank, Davis"
94,"1100 Cornell Drive, Sycamore South, Davis"
96,"2200 Bonar Street, Poets Corner, Berkeley"
97,"600 Hilldale Avenue, Berkeley Hills, Berkeley"
98,"500 10th Street, Downtown Oakland, Oakland"
99,"2400 19th Avenue, Highland Terrace, Oakland"
100,"3100 Overlook Way, Richmond"
101,"1300 17th Street, San Pablo"
102,"500 Mount Street, East Richmond, Richmond"
103,"35500 Ebro Court, Centerville, Fremont"
104,"4300 Baine Avenue, Centerville, Fremont"
105,"39000 State Street, Central District, Fremont"
107,"1900 Sandcreek Way, Alameda"
108,"400 West Sunset Boulevard, Hayward"
109,"200 Ramona Avenue, El Cerrito"
111,"1000 Salmon Drive, Cirby Side, Roseville"
113,"1200 Hayes Street, Western Addition, San Francisco"
115,"3600 Farnham Court, Tracy"
116,"1000 Fulton Street, Roosevelt, Redwood City"
117,"100 Edgemar Street, Crocker, Daly City"
118,"1500 Sunnyslope Avenue, Belmont"
119,"1100 Rosewood Avenue, San Carlos"
122,"Unnamed Road, Isleton"
123,"20000 Merritt Drive, Cupertino"
125,"4300 Silva Court, Palo Alto"
126,"2300 Oak Harbour Drive, North Sacramento, Sacramento"
127,"2000 Waverley Street, Old Palo Alto, Palo Alto"
128,"1900 Stowe Avenue, Alum Rock, San Jose"
131,"1100 South 8th Street, Central San Jose, San Jose"
132,"1000 Glenfinnan Drive, South San Jose, San Jose"
133,"2100 South 10th Street, South San Jose, San Jose"
134,"1100 Littleoak Circle, West San Jose, San Jose"
135,"100 Texas Street, Travis Air Force Base, Fairfield"
136,"5800 Leisure Town Road, Vacaville"
137,"700 Dellwood Court, Vacaville"
138,"0 Maria Drive, Petaluma"
141,"3500 Brooks Avenue, Santa Rosa"
142,"400 Steele Lane, West Junior College, Santa Rosa"
143,"1300 14th Street, Junior College Neighborhood Association, Santa Rosa"
146,"1500 Menlo Avenue, Napa"
147,"1000 Cunningham Street, Ukiah"
150,"36700 Z Line Road, Clarksburg"
151,"500 20th Street, Downtown Oakland, Oakland"
152,"10400 Lansdale Avenue, Cupertino"
153,"400 Giannini Drive, Santa Clara"
154,"800 Rattan Terrace, Ponderosa Park, Sunnyvale"
155,"400 North Mary Avenue, Sunnyvale West, Sunnyvale"
156,"Chynoweth Avenue, South San Jose, San Jose"
157,"100 Cheltenham Way, South San Jose, San Jose"
158,"1700 Klamath Drive, Salinas"
159,"600 San Jon Road, Salinas"
160,"Canyon Del Rey Boulevard, Del Rey Oaks"
165,"2200 Franklin Street, Pacific Heights, San Francisco"
167,"300 Stoakes Avenue, Farrelly Pond District, San Leandro"
168,"14700 Doolittle Drive, Marina Faire, San Leandro"
169,"900 Rose Street, North Hayward, Hayward"
170,"800 Downswood Court, South San Jose, San Jose"
171,"3300 Betty Lane, Lafayette"
172,"100 Zanzibar Drive, Aptos"
173,"3100 Garden Avenue, South San Jose, San Jose"
174,"2600 Sibelius Avenue, Evergreen, San Jose"
175,"500 North 7th Street, Central San Jose, San Jose"
176,"500 Hull Avenue, Central San Jose, San Jose"
177,"3500 Willow Road, Bethel Island"
178,"600 Sonoma Avenue, Livermore"
179,"4700 Orange Grove Avenue, Sacramento"
181,"3400 Richmond Boulevard, Oakland Ave - Harrison St, Oakland"
182,"1500 3rd Street, Napa"
184,"0 South Almaden Boulevard, Central San Jose, San Jose"
186,"1800 Vicente Street, Sunset District, San Francisco"
187,"300 Springpark Circle, South San Jose, San Jose"
188,"1500 4th Street, Central Sacramento, Sacramento"
191,"2600 Kelley Avenue, San Pablo"
193,"700 Altino Boulevard, South San Jose, San Jose"
194,"600 Aileen Street, Upper Telegraph, Oakland"
195,"47400 Fernald Street, Warm Springs, Fremont"
196,"4800 Ganner Court, Pleasanton"
198,"200 Hillcrest Avenue, Livermore"
199,"900 Jessica Drive, Livermore"
204,"200 Chaparral Street, Salinas"
206,"1300 15th Street, Mission District, San Francisco"
207,"1100 Guerrero Street, Mission District, San Francisco"
208,"600 Alabama Street, Mission District, San Francisco"
209,"300 Wilde Avenue, Visitacion Valley, San Francisco"
210,"100 Ramsell Street, Oceanview, San Francisco"
211,"200 16th Avenue, Richmond District, San Francisco"
212,"500 Washington Street, Financial District, San Francisco"
215,"400 Martinelli Street, Watsonville"
216,"3700 Lake Ontario Drive, Lakes and Birds, Fremont"
217,"38100 Hastings Court, Centerville, Fremont"
218,"41700 Covington Drive, Mission Valley, Fremont"
219,"4500 Richmond Avenue, Centerville, Fremont"
220,"43500 Southerland Way, Cameron Hills, Fremont"
221,"Valley Avenue, Pleasanton"
222,"2700 Dublin Boulevard, Dublin"
223,"5500 Stockton Loop, Livermore"
224,"500 Fontonett Avenue, Livermore"
225,"1900 Roosevelt Avenue, Belding Woods, Richmond"
229,"14000 Jasper Street, Lathrop"
230,"300 Glenbriar Circle, Tracy"
231,"300 West Lowell Avenue, Tracy"
232,"1000 Beech Street, East Palo Alto"
233,"County Jail Road, San Bruno"
234,"100 Domestic Terminals Departures Level, San Francisco"
235,"300 East San Salvador Street, Central San Jose, San Jose"
237,"300 Orchard Avenue, Lowlanders, Sunnyvale"
238,"100 Walk Circle, Santa Cruz"
239,"100 Elena Court, Scotts Valley"
240,"0 Mann Avenue, Watsonville"
241,"0 Pinheiro Circle, Novato"
242,"0 El Pavo Real Circle, San Rafael"
243,"0 Charlotte Drive, San Rafael"
246,"0 Conifer Square, Rohnert Park"
247,"0 Santa Barbara Avenue, Salinas"
251,"5900 Southview Drive, Edenvale, San Jose"
252,"1200 Rodriguez Street, Santa Cruz"
253,"1000 Shasta Street, Vallejo"
254,"200 Firethorn Drive, Rohnert Park"
262,"1000 Vallejo Street, Santa Rosa"
264,"300 Irwin Street, San Rafael"
268,"1100 Cedar Street, Santa Cruz"
269,"0 Banbury Way, Benicia"
270,"400 East Tabor Avenue, Fairfield"
272,"1300 Sundown Lane, Alum Rock, San Jose"
273,"400 Calero Avenue, South San Jose, San Jose"
274,"2300 Harper Street, Santa Cruz"
275,"2800 Florida Street, Vallejo"
276,"700 Monte Carlo Drive, Suisun City"
277,"500 El Paseo Drive, Sobrante Park, Oakland"
279,"1300 Portsmouth Street, Oakley"
280,"1600 Sutter Street, Concord"
281,"1000 Detroit Avenue, Concord"
282,"100 Valley Hill Drive, Moraga"
283,"6100 San Pablo Avenue, Paradise Park, Oakland"
284,"300 45th Street, Temescal, Oakland"
285,"1600 Maritime Street, Oakland"
286,"1000 10th Street, West Oakland, Oakland"
287,"2600 Logan Street, Meadow Brook, Oakland"
288,"14700 Wiley Street, Washington Manor - Bonaire, San Leandro"
289,"27000 Manon Avenue, Harder - Tennyson, Hayward"
290,"4200 Gemini Drive, Union City"
291,"0 Rollingwood Drive, San Rafael"
294,"1800 Golden Gate Drive, Napa"
295,"0 Harrison Avenue, Napa"
296,"400 Cartagena Way, American Canyon"
297,"1400 Pembroke Way, Dixon"
299,"Chinatown / North Beach Campus, Russian Hill, San Francisco"
300,"2000 Little Orchard Street, South San Jose, San Jose"
301,"2400 Grahn Drive, SOS, Santa Rosa"
302,"0 Bass Court, Bayview, San Francisco"
303,"Bay Trail, Sunnyvale"
304,"500 Zook Road, Mountain View"
305,"700 South Pilgrim Street, Park, Stockton"
306,"200 Silverlake Drive, Lakewood, Sunnyvale"
308,"600 Hans Avenue, Cuesta Park, Mountain View"
309,"Mimosa Way, South San Jose, San Jose"
311,"200 Northgate Avenue, Westlake, Daly City"
312,"1800 41st Avenue, Capitola"
313,"800 West Street, Hollister"
314,"200 Alta Mesa Drive, Serra Highlands, South San Francisco"
315,"900 Veterans Boulevard, Redwood City"
316,"700 Kearney Street, Benicia"
321,"Nimitz Freeway, Downtown Oakland, Oakland"
322,"300 Warwick Avenue, Adams Point, Oakland"
323,"900 Embarcadero West, West Oakland, Oakland"
324,"100 Castro Lane, Kimber - Gomes, Fremont"
325,"41400 Mahoney Street, Irvington, Fremont"
326,"4500 De Silva Street, South Sundale, Fremont"
328,"5000 Franklin Drive, Pleasanton"
329,"1400 Rhododendron Drive, Springtown, Livermore"
330,"2800 Waverley Way, Livermore"
331,"4500 Contractors Place, Livermore"
332,"0 North Court Street, Martinez"
333,"15900 Via Paro, San Lorenzo"
334,"1300 Dennis Circle, Concord"
335,"California Delta Highway, Antioch"
338,"100 Hinman Road, Redwood City"
339,"2800 Fair Oaks Avenue, Redwood City"
342,"10400 Trinity Parkway, Bear Creek, Stockton"
344,"Unnamed Road, San Juan Bautista"
345,"400 Moffett Boulevard, Mountain View"
346,"2000 California Street, Mountain View"
347,"900 Sycamore Drive, Midtown, Palo Alto"
349,"6700 Moselle Drive, South San Jose, San Jose"
351,"600 South 22nd Street, Central San Jose, San Jose"
352,"1600 Forman Avenue, South San Jose, San Jose"
353,"3000 Harvestwood Court, East San Jose, San Jose"
362,"Cosumnes River Boulevard, Southwestern Sacramento, Sacramento"
365,"1400 Laurel Glen Road, Soquel"
366,"Interstate 505, Vacaville"
367,"6100 Bodega Avenue, Petaluma"
369,"Ascot Parkway, Vallejo"
370,"100 Lakewood Avenue, Vallejo"
371,"1100 Benicia Road, Vallejo"
372,"100 San Marino Avenue, Vallejo"
374,"3800 Longbridge Drive, Modesto"
377,"0 Florence Place, Salinas"
378,"1700 Highland Street, Seaside"
380,"2800 Moorpark Avenue, West San Jose, San Jose"
382,"Hickam Terrace, Irvington, Fremont"
384,"400 L Street, Davis"
385,"0 Valley View Road, Orinda"
386,"0 Sable Pointe, Alameda"
387,"2100 Manchester Road, San Leandro"
388,"1700 Doolittle Drive, Davis Tract, San Leandro"
389,"1000 Burkhart Avenue, Washington Manor - Bonaire, San Leandro"
390,"5600 Park Crest Drive, South San Jose, San Jose"
391,"900 Glenridge Drive, South San Jose, San Jose"
392,"27900 Ormond Avenue, Tennyson - Alquire, Hayward"
393,"30500 Whipple Road, Union City"
394,"3600 Page Street, Friendly Acres, Redwood City"
395,"300 Sequoia Avenue, Redwood City"
396,"500 North 21st Street, Central San Jose, San Jose"
397,"400 Cedar Street, Vallejo"
398,"0 Positive Place, Vallejo"
399,"2800 Miller Court, Fairfield"
400,"2000 Plum Tree Way, Fairfield"
401,"2200 Emerson Place, Fairfield"
403,"800 Pine Lane, San Rafael"
406,"1000 Clearview Drive, Hollister"
408,"1800 Hillside Boulevard, Colma"
409,"200 Nelson Avenue, Edgemar - Pacific Manor, Pacifica"
410,"Baquiano Trail, Pacifica"
414,"Fallman Road, Brentwood"
415,"5400 Imhoff Drive, Martinez"
416,"2700 Contra Costa Canal Trail, Walnut Creek"
417,"4400 Bell Avenue, Eastshore, Richmond"
418,"300 La Crosse Drive, Milpitas"
419,"4000 Moreland Way, West San Jose, San Jose"
420,"100 Dubois Street, Santa Cruz"
421,"800 Georgia Street, Vallejo"
422,"1200 Paru Street, West Alameda, Alameda"
423,"200 Locust Avenue, San Rafael"
431,"Seaborg Road, Berkeley"
432,"19100 McKinley Avenue, Manteca"
433,"600 Vanessa Drive, Central San Mateo, San Mateo"
434,"1300 Franklin Street, Western Addition, San Francisco"
435,"32400 Joyce Way, Union City"
436,"1700 Los Gatos Almaden Road, Cambrian, San Jose"
437,"1000 Queen Anne Drive, West San Jose, San Jose"
438,"1000 Manet Drive, Sunnyvale"
439,"3000 Pecan Drive, Fairfield"
440,"0 Abbey Court, Napa"
442,"21800 California 1, Fort Bragg"
443,"New Corona Heights Trail, The Castro, San Francisco"
445,"900 Divisadero Street, Western Addition, San Francisco"
446,"1000 El Centro Avenue, Glenview, Oakland"
447,"2600 Alvarado Street, Floresta Gardens - Bradrick, San Leandro"
448,"35800 Dering Place, Centerville, Fremont"
451,"2900 Kachina Way, Cordova Rancho Estates, Rancho Cordova"
452,"1200 Green Street, Russian Hill, San Francisco"
454,"300 Meadowhaven Way, Milpitas"
455,"3400 Mauricia Avenue, Santa Clara"
456,"1000 56th Street, Gaskill, Oakland"
457,"3100 West Street, Hoover - Foster, Oakland"
458,"900 Webster Street, Downtown Oakland, Oakland"
459,"1600 16th Avenue, Rancho San Antonio, Oakland"
460,"2000 Rosedale Avenue, Jefferson, Oakland"
461,"1000 85th Avenue, Highland, Oakland"
462,"1000 Shattuck Avenue, Berkeley Hills, Berkeley"
463,"2000 Bancroft Way, Downtown Berkeley, Berkeley"
464,"1600 Fairview Street, South Berkeley, Berkeley"
465,"20100 Marshall Street, Castro Valley"
466,"100 Pelton Center Way, Old San Leandro, San Leandro"
467,"16300 Helo Drive, San Leandro"
468,"700 Via Aires, San Lorenzo"
469,"1800 Southgate Street, Southgate, Hayward"
470,"32100 Lupe Court, Union City"
471,"1000 Amethyst Terrace, Union City"
472,"4300 Alder Avenue, Centerville, Fremont"
473,"40700 Chiltern Drive, Kimber - Gomes, Fremont"
475,"1500 Lacassie Avenue, Walnut Creek"
477,"0 Tara Road, Northwood - Tara, Orinda"
478,"100 Eagle Court, Birds, Hercules"
479,"200 El Portal Drive, San Pablo"
480,"2800 Roosevelt Avenue, North & East, Richmond"
481,"700 Elm Street, El Cerrito"
485,"900 Outrigger Circle, Brentwood"
486,"2100 Saint Michaels Court, Sterling Pinnacle, Brentwood"
487,"2300 Dover Way, Pittsburg"
488,"0 Oak Gate Place, Pleasant Hill"
489,"4000 Little Lane, Concord"
495,"4200 Shelter Creek Lane, San Bruno"
496,"2300 Edgewater Drive, Napa"
499,"600 Throckmorton Avenue, Mill Valley"
503,"700 California Street, Salinas"
505,"1000 2nd Street, Central Sacramento, Sacramento"
513,"200 South Avenue, North Sacramento, Sacramento"
516,"7400 Summer Avenue, Citrus Heights"
517,"6400 Silkwood Way, Twin Creeks, Citrus Heights"
526,"3700 Wood Duck Circle, Lakeview, Stockton"
528,"600 Lexington Way, Oak Grove Manor, Burlingame"
529,"100 36th Avenue, South San Mateo, San Mateo"
530,"400 Seventh Avenue, Fair Oaks, Menlo Park"
531,"800 Live Oak Avenue, Downtown Menlo Park, Menlo Park"
532,"200 Beach Street, North Beach, San Francisco"
533,"1400 Grant Avenue, North Beach, San Francisco"
534,"200 Walnut Street, Presidio Heights, San Francisco"
535,"0 Rossi Avenue, Richmond District, San Francisco"
536,"800 Franklin Street, Fillmore District, San Francisco"
537,"500 Webster Street, Western Addition, San Francisco"
540,"2900 Buthmann Avenue, Tracy"
541,"200 San Fernando Way, St. Francis, Daly City"
542,"2200 Kenry Way, Westborough, South San Francisco"
543,"2500 Carmel Drive, San Bruno"
544,"1100 Magnolia Avenue, Central San Jose, San Jose"
545,"200 North 5th Street, Central San Jose, San Jose"
546,"1300 Glen Eyrie Avenue, Central San Jose, San Jose"
547,"4900 Jarvis Avenue, South San Jose, San Jose"
548,"1300 Santee Drive, South San Jose, San Jose"
549,"2600 Pacer Lane, South San Jose, San Jose"
550,"2100 Naida Avenue, Alum Rock, San Jose"
551,"1900 Margaret Street, Alum Rock, San Jose"
552,"0 Alexander Avenue, East San Jose, San Jose"
553,"3000 Balmoral Drive, North San Jose, San Jose"
554,"200 2nd Street, Sunnyvale"
555,"500 Aldo Avenue, Santa Clara"
556,"1100 White Drive, Santa Clara"
557,"18800 Devon Avenue, Quito Village, Saratoga"
558,"700 Cathedral Drive, Sunnyvale West, Sunnyvale"
559,"300 Pescadero Terrace, Sunnyvale West, Sunnyvale"
560,"1200 Coronado Drive, Sunnyvale West, Sunnyvale"
561,"100 Nancy Court, Old Mountain View, Mountain View"
562,"300 Tioga Court, Greenmeadow, Palo Alto"
563,"1200 Redmond Avenue, South San Jose, San Jose"
564,"5400 Eagles Lane, South San Jose, San Jose"
565,"7100 Vía Romera, South San Jose, San Jose"
566,"800 Calero Avenue, South San Jose, San Jose"
567,"17300 Lotus Way, Morgan Hill"
568,"8400 Diane Court, Gilroy"
569,"700 Eschenburg Drive, Gilroy"
570,"West Lake Drive, Vallejo"
571,"400 Wallace Avenue, Vallejo"
572,"700 East Atlantic Avenue, Fairfield"
573,"1100 Clay Street, Fairfield"
577,"Ridge Ranch Road, Geyserville"
583,"3000 Paseo Entrada Road, Turlock"
586,"800 B Street, Central Davis, Davis"
587,"1300 East Beamer Street, Woodland"
590,"300 Hanover Avenue, Cleveland Heights, Oakland"
591,"2500 10th Avenue, Bella Vista, Oakland"
592,"1600 29th Avenue, Fruitvale, Oakland"
593,"2000 36th Avenue, Harrington, Oakland"
594,"5200 Fleming Avenue, Maxwell Park, Oakland"
595,"200 Ghormley Avenue, Brookfield Village, Oakland"
596,"1000 Sterling Avenue, Berkeley Hills, Berkeley"
597,"1600 Eighth Street, Northwest Berkeley, Berkeley"
598,"3000 Colby Street, Elmwood, Berkeley"
599,"1800 Yale Drive, Alameda"
600,"800 Walnut Street, Alameda"
601,"3600 Parsons Court, Castro Valley"
602,"22000 Cameron Street, Castro Valley"
603,"20100 Western Boulevard, Hayward"
604,"24600 Dale Street, Jackson Triangle, Hayward"
605,"24500 Surrey Way, Santa Clara, Hayward"
606,"26200 Gamboa Street, Harder - Tennyson, Hayward"
607,"200 Goodrich Street, Whitman - Wocine, Hayward"
608,"700 11th Street, Oakland"
609,"700 19th Street, West Oakland, Oakland"
610,"1600 Webster Street, Downtown, Oakland"
611,"200 Park View Terrace, Adams Point, Oakland"
612,"500 El Dorado Avenue, Grand Lake, Oakland"
613,"3900 Fruitvale Avenue, Dimond, Oakland"
614,"3100 San Joaquin Way, Union City"
615,"2300 Mann Avenue, Union City"
616,"0 Placer Court, Bay Point"
617,"100 Elder Drive, Pacheco"
618,"2200 Floyd Lane, Concord"
619,"1700 Thornwood Drive, Concord"
620,"1300 Rae Anne Drive, Monument Corridor, Concord"
621,"1300 South Main Street, Walnut Creek"
622,"2900 Biddleford Drive, San Ramon"
623,"19200 San Ramon Valley Boulevard, San Ramon"
624,"3300 Beechwood Drive, Stanley, Lafayette"
625,"800 Sunnyview Drive, Pinole"
627,"800 Marin Road, El Sobrante"
628,"2300 Santa Clara Street, Richmond Annex, Richmond"
629,"100 Guerrero Street, Mission Dolores, San Francisco"
636,"4700 Shetland Court, Antioch"
637,"2400 Wilbur Avenue, Antioch"
638,"0 12th East Street, Pittsburg"
641,"1400 Jackson Street, Nob Hill, San Francisco"
642,"600 Grant Avenue, Chinatown, San Francisco"
643,"200 Myrtle Street, Tenderloin, San Francisco"
644,"200 Jones Street, Tenderloin, San Francisco"
645,"1400 Chestnut Street, Marina District, San Francisco"
646,"500 Clayton Street, Haight-Ashbury, San Francisco"
647,"800 Ashbury Street, Ashbury Heights, San Francisco"
648,"3800 19th Street, Dolores Heights, San Francisco"
649,"1000 Diamond Street, Noe Valley, San Francisco"
650,"700 Rhode Island Street, Potrero Hill, San Francisco"
651,"2900 22nd Street, Mission District, San Francisco"
652,"300 Hale Street, Excelsior, San Francisco"
653,"600 Lisbon Street, Excelsior, San Francisco"
659,"200 Staples Avenue, Outer Mission, San Francisco"
660,"1900 Lawton Street, Sunset District, San Francisco"
661,"Building F, Buckingham Way, Lakeshore, San Francisco"
662,"1300 46th Avenue, Sunset District, San Francisco"
663,"200 21st Avenue, Central Richmond, San Francisco"
664,"700 32nd Avenue, Richmond District, San Francisco"
665,"0 Brookdale Avenue, Visitacion Valley, San Francisco"
666,"1200 El Camino Del Mar, Sea Cliff, San Francisco"
669,"600 Rendon Avenue, Park, Stockton"
675,"200 Oriente Street, Bayshore Heights, Daly City"
676,"300 Citrus Avenue, Daly City"
677,"0 Ridgefield Avenue, St. Francis, Daly City"
678,"2500 Crestmoor Drive, San Bruno"
679,"800 Paloma Avenue, Burlingame Terrace, Burlingame"
680,"700 South Fremont Street, North Central, San Mateo"
681,"3900 Wilshire Avenue, South San Mateo, San Mateo"
682,"1300 South Norfolk Street, Shoreview, San Mateo"
683,"1100 Polynesia Drive, Foster City"
684,"1100 Vailwood Way, South San Mateo, San Mateo"
685,"1000 Porto Marino Drive, San Carlos"
687,"1000 University Avenue, Central San Jose, San Jose"
688,"200 South 14th Street, Central San Jose, San Jose"
690,"5500 Spilman Avenue, Central Sacramento, Sacramento"
694,"Jazz Alley, Central Sacramento, Sacramento"
695,"400 South Willard Avenue, Central San Jose, San Jose"
696,"1500 Santa Maria Avenue, Central San Jose, San Jose"
697,"2700 New Jersey Avenue, Cambrian Community, San Jose"
698,"2900 Cambridge Drive, Willow Glen South - Lincoln Glen, San Jose"
699,"Begonia Lane, South San Jose, San Jose"
700,"3700 McLaughlin Avenue, South San Jose, San Jose"
701,"3200 Alessandro Drive, Evergreen, San Jose"
702,"1800 Loyola Drive, East San Jose, San Jose"
703,"1800 Platinum Court, East San Jose, San Jose"
705,"3600 Rio Loma Way, North Sacramento, Sacramento"
707,"2400 Waters Edge Way, North Sacramento, Sacramento"
715,"500 Massar Avenue, East San Jose, San Jose"
716,"1500 Sierra Road, North San Jose, San Jose"
717,"2400 Greengate Drive, North San Jose, San Jose"
718,"2900 Capewood Lane, North San Jose, San Jose"
719,"1300 Cirolero Street, Milpitas"
720,"3400 Granada Avenue, Santa Clara"
721,"600 Hobart Terrace, Santa Clara"
722,"800 Hibiscus Lane, West San Jose, San Jose"
723,"0 South Milton Avenue, Downtown, Campbell"
724,"200 Kensington Way, Cambrian, Los Gatos"
725,"20000 Glasgow Drive, Saratoga"
729,"8900 Cal Center Drive, Sacramento"
738,"1500 Riorden Terrace, Sunnyvale West, Sunnyvale"
739,"1700 Halford Avenue, Santa Clara"
740,"200 Leota Avenue, Sunnyvale West, Sunnyvale"
741,"1600 San Luis Avenue, Rex Manor, Mountain View"
742,"4200 Wilkie Way, Charleston Meadow, Palo Alto"
743,"400 Addison Avenue, Professorville, Palo Alto"
744,"Monte Bello Road (Trail), Cupertino"
745,"6600 Elwood Road, South San Jose, San Jose"
746,"4800 Poston Drive, Edenvale, San Jose"
747,"8500 Culp Drive, Gilroy"
748,"900 King Street, Santa Cruz"
749,"1400 Magazine Street, Vallejo"
750,"500 Sereno Drive, Vallejo"
751,"600 Windsor Drive, Benicia"
752,"5900 Leisure Town Road, Vacaville"
753,"300 Brookdale Drive, Vacaville"
754,"100 Feather River Circle, Vacaville"
755,"800 Knight Street, Sonoma"
756,"900 Wood Lane, Petaluma"
757,"600 Hoen Avenue, Memorial Hospital Neighborhood, Santa Rosa"
758,"800 Carr Avenue, Junior College Neighborhood Association, Santa Rosa"
761,"3700 Oxford Street, Napa"
762,"200 Sheffield Way, American Canyon"
764,"1300 Tuliptree Road, Santa Rosa"
765,"2200 Truckee Drive, Santa Rosa"
767,"400 Jane Drive, Windsor"
768,"8000 A Street, Windsor"
770,"11600 Orr Springs Road, Ukiah"
771,"Unnamed Road, Ukiah"
776,"1000 Benito Avenue, Pacific Grove"
777,"22100 Puccioni Road, Healdsburg"
783,"400 Pueblo Drive, Salinas"
784,"200 Dennis Avenue, Salinas"
786,"Huckleberry Hill Loop, Monterey"
787,"1200 Vallejo Street, Seaside"
788,"0 Mortensen Avenue, Salinas"
791,"800 Laguna Street, Napa"
793,"4700 Ingram Creek Road, Patterson"
798,"4000 Redwood Road, Napa"
800,"Old Suisun Knoxville Road, Napa"
804,"900 Westacre Road, West Sacramento"
805,"1400 San Rafael Street, Estudillo Estates - Glen, San Leandro"
806,"Jeep Trail Usgs, Brooks"
808,"3000 Adeline Street, Clawson, Oakland"
809,"200 Santa Rosa Avenue, Grand Lake, Oakland"
810,"2700 Pleasant Street, School, Oakland"
811,"1000 66th Avenue, Coliseum, Oakland"
812,"2000 Francisco Street, North Berkeley, Berkeley"
813,"2500 Parker Street, Elmwood, Berkeley"
814,"1400 168th Avenue, San Leandro"
815,"2600 Oliver Drive, Glen Eden, Hayward"
816,"2600 El Charro Road, Pleasanton"
817,"400 Oxford Way, Belmont"
818,"700 Bay Road, Staumbaugh Heller, Redwood City"
820,"1500 Marcia Avenue, Central San Jose, San Jose"
821,"14200 Candler Avenue, Alum Rock, San Jose"
822,"200 Rodrigues Avenue, Milpitas"
823,"600 San Miguel Avenue, Santa Clara"
824,"900 West Parr Avenue, San Tomas, Campbell"
826,"1700 Edgewood Drive, Oakley"
827,"700 Payne Avenue, Brentwood"
828,"4200 Amargosa Drive, Antioch"
829,"7800 Lilac Court, Cupertino"
830,"2200 California Street, Mountain View"
831,"1200 Chateau Drive, South San Jose, San Jose"
832,"5000 Massachusetts Drive, South San Jose, San Jose"
834,"7700 Lakeville Highway, Petaluma"
837,"800 Roselawn Avenue, Modesto"
840,"2100 West F Street, Napa"
841,"200 Andrew Road, American Canyon"
842,"Carriage Path, Central Sacramento, Sacramento"
843,"2400 Channing Way, Southside, Berkeley"
846,"300 Homestead Avenue, Salinas"
847,"17400 Cachagua Road, Carmel Valley"
849,"0 Franklin Street, Napa"
850,"1300 Greenborough Drive, Cirby Ranch, Roseville"
852,"3500 52nd Avenue, Sacramento"
854,"4200 Dry Creek Road, North Sacramento, Sacramento"
855,"4900 Walnut Avenue, Sacramento"
858,"600 Geneva Avenue, Outer Mission, San Francisco"
859,"2200 24th Avenue, Sunset District, San Francisco"
860,"2300 Cabrillo Street, Richmond District, San Francisco"
862,"300 West 6th Street, Tracy"
863,"2400 Filbert Street, McClymonds, Oakland"
864,"22400 Victory Drive, Longwood - Winton Grove, Hayward"
865,"2000 Pine Knoll Drive, Rossmoor, Walnut Creek"
866,"0 Bernard Street, Nob Hill, San Francisco"
867,"2200 Post Street, Western Addition, San Francisco"
868,"500 Diamond Street, Noe Valley, San Francisco"
869,"0 Holiday Lane, Concord"
870,"1800 Marshall Petaluma Road, Petaluma"
875,"2200 Waverly Avenue, Alum Rock, San Jose"
876,"4300 Sayoko Circle, South San Jose, San Jose"
877,"1600 Dewey Street, Vallejo"
880,"3300 6th Avenue, Southeastern Sacramento, Sacramento"
881,"3600 South Court, Fairmeadow, Palo Alto"
883,"Skyline Court, Vallejo"
884,"1100 Olympia Avenue, Seaside"
885,"6300 Colby Street, Upper Telegraph, Oakland"
886,"4400 Telegraph Avenue, Temescal, Oakland"
887,"1300 Santa Fe Avenue, Northwest Berkeley, Berkeley"
888,"300 Annette Lane, Santa Clara, Hayward"
889,"4300 Fairwood Street, Grimmer, Fremont"
891,"1900 Railroad Avenue, Pittsburg"
892,"2700 Ascot Drive, San Ramon"
893,"1600 Miner Avenue, San Pablo"
896,"Unnamed Road, Salinas"
897,"0 La Mesa Way, La Mesa Military Housing Complex, Monterey"
898,"3200 38th Avenue, Southeastern Sacramento, Sacramento"
904,"400 North Fernwood Circle, Snail, Sunnyvale"
905,"1000 Pine Street, Lower Nob Hill, San Francisco"
906,"2700 Octavia Street, Cow Hollow, San Francisco"
907,"2500 Turk Street, Richmond District, San Francisco"
908,"1200 18th Street, Potrero Hill, San Francisco"
909,"1400 40th Avenue, Sunset District, San Francisco"
910,"700 La Playa Street, Richmond District, San Francisco"
911,"500 East Weber Avenue, Civic Center, Stockton"
915,"300 Dolores Way, Sunshine Gardens, South San Francisco"
916,"1200 Willowhaven Drive, Central San Jose, San Jose"
917,"2100 Canoas Garden Avenue, South San Jose, San Jose"
918,"3100 Capewood Lane, North San Jose, San Jose"
919,"2900 Cabrillo Avenue, Santa Clara"
920,"100 Whisman Station Drive, Mountain View"
921,"5900 Pala Mesa Drive, Edenvale, San Jose"
922,"800 Crinella Drive, Petaluma"
923,"1300 North Carpenter Road, Modesto"
924,"600 Perfidia Street, Modesto"
926,"Uptown Alley, Central Sacramento, Sacramento"
927,"800 Aspen Way, Palo Verde, Palo Alto"
929,"3100 Ruskin Drive, North San Jose, San Jose"
930,"400 Northlake Drive, West San Jose, San Jose"
931,"10300 North Stelling Road, Cupertino"
935,"1600 Maddux Drive, Woodside Plaza, Redwood City"
936,"1500 Wawona Drive, Willow Glen South - Lincoln Glen, San Jose"
937,"600 Cornell Avenue, Albany"
938,"19900 Kings Creek Road, Boulder Creek"
939,"2900 Central Avenue, Alameda"
940,"25200 Belhaven Street, Southgate, Hayward"
941,"900 Powell Avenue, Healdsburg"
945,"400 Santa Alicia Drive, Rohnert Park"
946,"1900 Yolo Court, Santa Rosa"
948,"White Court, Marina"
949,"700 Santa Ray Avenue, Lakeshore, Oakland"
950,"Old Sled Trail, Bolinas"
951,"900 Towse Drive, Woodland"
953,"3600 Citrus Avenue, Walnut Creek"
954,"2900 Willow Road, San Pablo"
957,"33200 Central Avenue, Union City"
958,"4900 Hildasue Terrace, Ardenwood, Fremont"
959,"7300 Shadow Place, Dublin"
963,"600 Sutter Street, Lower Nob Hill, San Francisco"
964,"2900 Broderick Street, Cow Hollow, San Francisco"
965,"200 Topeka Avenue, Silver Terrace, San Francisco"
967,"1400 32nd Avenue, Sunset District, San Francisco"
968,"3200 Anza Street, Richmond District, San Francisco"
969,"600 South Ash Street, Park, Stockton"
973,"1400 Coolidge Avenue, Tracy"
974,"300 Mullet Court, Foster City"
975,"800 Kingfisher Drive, South San Jose, San Jose"
976,"2500 San Leandro Boulevard, Old San Leandro, San Leandro"
977,"2200 Terrena Valley Drive, East San Jose, San Jose"
980,"6600 Spruce Lane, Dublin"
981,"4900 Bernal Avenue, Pleasanton"
982,"4200 Cabernet Court, Pleasanton"
983,"4100 Fairlands Drive, Pleasanton"
984,"0 East Vineyard Avenue, Livermore"
985,"300 West Jack London Boulevard, Livermore"
986,"200 Quartz Circle, Livermore"
1011,"6500 Sellers Avenue, Oakley"
1012,"5900 Marina Road, Discovery Bay"
1013,"1300 August Way, Antioch"
1014,"Delta de Anza Regional Trail, Antioch"
1015,"800 East 3rd Street, Pittsburg"
1016,"2200 East Leland Road, Pittsburg"
1017,"Suisun Avenue, Bay Point"
1018,"LDU Drive, Martinez"
1019,"2800 Waterfront Road, Martinez"
1020,"300 Lindsey Drive, Martinez"
1021,"3100 Teigland Road, Lafayette"
1022,"4400 Prairie Willow Court, Concord"
1023,"1300 Cross Way, Monument Corridor, Concord"
1024,"1500 Orange Street, Concord"
1025,"Briones to Mount Diablo Regional Trail, Walnut Creek"
1026,"2000 San Miguel Drive, Walnut Creek"
1027,"200 Tangerine Court, San Ramon"
1028,"100 Sugar Creek Lane, Alamo"
1029,"200 La Questa Drive, Danville"
1030,"5300 Lawton Avenue, Shafter, Oakland"
1031,"1100 Cambridge Drive, Lafayette"
1032,"Shore Trail, Lafayette"
1033,"6500 Horsemans Canyon Drive, Rossmoor, Walnut Creek"
1034,"0 Tracy Court, Moraga"
1035,"100 Pinehurst Road, Canyon"
1036,"Wilder Road, Wilder, Orinda"
1037,"1900 Eagle Peak Avenue, Clayton"
1038,"Kestrel Loop Trail, Rodeo"
1039,"Stewartville Trail, Antioch"
1040,"1100 Empire Mine Road, Antioch"
1041,"600 Alumrock Drive, Antioch"
1042,"500 Bourne Lane, Danville"
1043,"Tassajara Ridge Trail, San Ramon"
1044,"Rosa Blanca Drive, Pittsburg"
1045,"100 Pearl Street, Oakland Ave - Harrison St, Oakland"
1046,"300 Grand Avenue, Adams Point, Oakland"
1047,"1700 Eastshore Boulevard, El Cerrito"
1048,"Upper Fire Trail, Berkeley"
1049,"6100 Harwood Avenue, Rockridge, Oakland"
1050,"3700 Towns Court, Pinole"
1051,"2600 Humphrey Avenue, North & East, Richmond"
1052,"200 Collins Street, Atchison Woods, Richmond"
1053,"500 Haddon Road, Cleveland Heights, Oakland"
1054,"0 Avon Road, Kensington"
1056,"100 Lakeside Drive, Downtown Oakland, Oakland"
1057,"6300 Brookside Avenue, Upper Rockridge, Oakland"
1058,"6700 Armour Drive, Montclair, Oakland"
1059,"900 East 22nd Street, Clinton, Oakland"
1060,"3600 East 8th Street, South Kennedy Tract, Oakland"
1061,"200 Linus Pauling Drive, Hercules"
1062,"3300 Davis Street, Peralta Hacienda, Oakland"
1063,"800 54th Avenue, Coliseum Industrial, Oakland"
1064,"2200 48th Avenue, Fremont, Oakland"
1065,"3400 Noyo Street, Woodminster, Oakland"
1066,"7200 Doolittle Drive, Oakland"
1067,"10200 E Street, North Stonehurst, Oakland"
1068,"1600 Poplar Street, West Oakland, Oakland"
1069,"700 Hillside Avenue, Albany"
1070,"1000 Cornell Avenue, Albany"
1071,"2000 Rose Street, North Berkeley, Berkeley"
1072,"1700 Chestnut Street, Northwest Berkeley, Berkeley"
1073,"100 Panoramic Way, Berkeley"
1074,"2300 Ninth Street, Southwest Berkeley, Berkeley"
1079,"0 The Plaza Drive, Claremont, Berkeley"
1080,"Pier 2, Emeryville"
1081,"1300 Powell Street, Emeryville"
1082,"2000 Clement Avenue, Alameda"
1083,"3000 Calhoun Street, Alameda"
1084,"500 Tarryton Isle, West Alameda, Alameda"
1085,"22200 Eden Canyon Road, Castro Valley"
1086,"20900 Wilbeam Avenue, Castro Valley"
1087,"900 Dowling Boulevard, Broadmoor, San Leandro"
1088,"300 Dowling Boulevard, Broadmoor District, San Leandro"
1089,"1700 Wayne Avenue, Davis Tract, San Leandro"
1090,"200 Reva Avenue, Davis Tract, San Leandro"
1093,"2500 Marineview Drive, Bay-O-Vista, San Leandro"
1094,"14900 Western Avenue, Lower Bal, San Leandro"
1095,"1100 143rd Avenue, Lower Bal, San Leandro"
1096,"15200 Wiley Street, Washington Manor - Bonaire, San Leandro"
1097,"15500 Tracy Street, San Lorenzo"
1098,"600 Elgin Street, San Lorenzo"
1099,"30600 Palomares Road, Castro Valley"
1100,"0 Via Diego, San Lorenzo"
1101,"15800 Corte Mariana, San Lorenzo"
1102,"22500 Lindberg Court, Mission - Foothill, Hayward"
1103,"27100 Patrick Avenue, Harder - Tennyson, Hayward"
1104,"31800 Veril Way, Fairway Prk, Hayward"
1105,"Unnamed Road, Castro Valley"
1106,"30100 Ahern Avenue, Union City"
1107,"36000 Cherry Street, Newark"
1111,"John Slough, Novato"
1113,"3500 Hicks Valley Road, Novato"
1114,"0 Bahama Reef, Novato"
1115,"Saint Vincents Drive, San Rafael"
1116,"100 Redwood Drive, Woodacre"
1117,"700 Redwood Road, San Anselmo"
1118,"0 South Ridgewood Road, Kentfield"
1119,"0 Locust Avenue, Larkspur"
1120,"0 Spindrift Passage, Corte Madera"
1121,"300 Ridgewood Avenue, Mill Valley"
1128,"7800 Amherst Street, Meadowview, Sacramento"
1132,"8600 Folsom Boulevard, Southeastern Sacramento, Sacramento"
1133,"100 Bercut Drive, Central Sacramento, Sacramento"
1135,"3200 Vichy Springs Road, Ukiah"
1144,"500 Sunrise Street, Salinas"
1146,"1100 10th Street, Central Sacramento, Sacramento"
1148,"3800 1st Avenue, Southeastern Sacramento, Sacramento"
1152,"700 West Acacia Street, Salinas"
1153,"100 Sherwood Drive, Salinas"
1154,"16300 Castello Knolls Drive, Prunedale"
1155,"10600 Seymour Street, Castroville"
1156,"13000 Luber Street, Salinas"
1157,"18400 Northridge Drive, Salinas"
1158,"1200 Paseo Grande, Salinas"
1159,"1200 Nogal Drive, Salinas"
1160,"800 East Laurel Drive, Salinas"
1161,"23700 Parker Road, Salinas"
1162,"27700 River Road, Salinas"
1170,"0 Junipero Street, Northwest Carmel, Carmel-by-the-Sea"
1171,"3100 Forest Lake Road, Pebble Beach, Del Monte Forest"
1172,"100 Dewey Street, Pacific Grove"
1173,"500 Hawthorne Street, Monterey"
1174,"Indian Street, Marina"
1177,"5700 Foothill Road, Rocklin"
1180,"Cemetery Road, Yountville"
1181,"4100 Network Circle, Santa Clara"
1182,"1300 Dayton Street, Salinas"
1183,"700 Seymour Street, Napa"
1184,"2000 Seville Court, Napa"
1185,"1700 Action Avenue, Napa"
1186,"4000 Tall Grass Drive, Napa"
1192,"100 Brookside Drive, Angwin"
1194,"1400 Rose Glen Drive, East Roseville Parkway, Roseville"
1201,"Holesapple Road, Fairfield"
1202,"4600 Green Valley Road, Fairfield"
1203,"2500 Hilborn Road, Fairfield"
1204,"4900 Couples Circle, Fairfield"
1205,"2300 White Drive, Fairfield"
1206,"200 Beck Avenue, Fairfield"
1207,"42800 Newport Drive, Grimmer, Fremont"
1208,"3700 North Monitor Circle, Lincoln Village West, Stockton"
1209,"600 Woodside Drive, Woodside Hills, Woodside"
1210,"Cypress Ridge Road, Redwood City"
1211,"700 Coleman Avenue, Menlo Park"
1212,"1300 Gateway Boulevard, Fairfield"
1213,"2000 Thrush Way, Fairfield"
1214,"3800 Gum Tree Road, Suisun City"
1215,"0 Travis Avenue, Travis Air Force Base, Fairfield"
1216,"100 Carlton Avenue, Vacaville"
1217,"600 Youngsdale Drive, Vacaville"
1218,"5500 Vanden Road, Vacaville"
1219,"400 Shannon Drive, Vacaville"
1220,"1700 Balsa Avenue, Doerr - Steindorf, San Jose"
1221,"2300 Pamela Lane, Modesto"
1222,"2300 Stratford Drive, Cambrian, San Jose"
1223,"Redding Road, Sonoma"
1224,"200 Ely Road North, Petaluma"
1225,"0 Payran Street, Petaluma"
1226,"600 Cavanaugh Lane, Petaluma"
1227,"5400 Lichau Road, Penngrove"
1230,"1600 East Grayson Road, Ceres"
1231,"4500 South Central Avenue, Turlock"
1232,"0 West Hedding Street, Central San Jose, San Jose"
1233,"1600 Emory Street, Central San Jose, San Jose"
1234,"200 North 26th Street, Central San Jose, San Jose"
1235,"700 Banff Street, Central San Jose, San Jose"
1236,"700 Vine Street, Central San Jose, San Jose"
1237,"400 Lincoln Avenue, Central San Jose, San Jose"
1238,"7000 Blue Gum Avenue, Modesto"
1241,"4300 La Torre Avenue, South San Jose, San Jose"
1243,"3100 Oakbridge Drive, East San Jose, San Jose"
1244,"800 Jackson Street, Chinatown, San Francisco"
1245,"500 Geary Street, Tenderloin, San Francisco"
1246,"300 McAllister Street, Civic Center, San Francisco"
1247,"100 Magnolia Street, Marina District, San Francisco"
1248,"2800 Scottsdale Court, East San Jose, San Jose"
1249,"2400 Elkins Way, Evergreen, San Jose"
1250,"3700 Carick Place Way, East San Jose, San Jose"
1251,"2200 Lanai Avenue, East San Jose, San Jose"
1252,"2100 Cinderella Lane, East San Jose, San Jose"
1253,"500 Ripley Drive, Alum Rock, San Jose"
1254,"500 Rainwell Drive, Alum Rock, San Jose"
1255,"500 Dutton Avenue, Southwest Santa Rosa, Santa Rosa"
1257,"2400 Octavia Street, Pacific Heights, San Francisco"
1258,"2600 Broadway, Pacific Heights, San Francisco"
1259,"2100 Divisadero Street, Pacific Heights, San Francisco"
1260,"1800 Scott Street, Western Addition, San Francisco"
1261,"700 Presidio Avenue, Western Addition, San Francisco"
1262,"900 Remillard Court, Central San Jose, San Jose"
1263,"Eastern Route Trail, Santa Rosa"
1264,"5400 Alta Monte Drive, Santa Rosa"
1265,"0 Stoneybrook Avenue, Excelsior, San Francisco"
1266,"Spring Creek Trail, Santa Rosa"
1267,"6400 Cottage Ridge Road, Santa Rosa"
1268,"2300 Wyatt Court, Santa Rosa"
1269,"500 Yosemite Drive, Milpitas"
1270,"1500 Larkwood Court, Milpitas"
1271,"200 Bacon Street, Excelsior, San Francisco"
1272,"500 Moscow Street, Excelsior, San Francisco"
1273,"200 Naglee Avenue, Outer Mission, San Francisco"
1274,"13700 Westboro Drive, Alum Rock, San Jose"
1275,"0 McLaren Avenue, Sea Cliff, San Francisco"
1276,"1100 Golden Gate Avenue, Western Addition, San Francisco"
1277,"300 Hayes Street, Civic Center, San Francisco"
1278,"100 Noe Street, The Castro, San Francisco"
1279,"1100 Folsom Street, South of Market, San Francisco"
1280,"300 Church Street, Mission District, San Francisco"
1281,"700 Guerrero Street, Mission Dolores, San Francisco"
1282,"1600 Church Street, Noe Valley, San Francisco"
1283,"10700 Crothers Road, Alum Rock, San Jose"
1284,"1400 Bob White Place, North San Jose, San Jose"
1285,"1700 Bethany Avenue, North San Jose, San Jose"
1286,"1300 Chewpon Avenue, Milpitas"
1287,"1700 Vegas Avenue, Milpitas"
1288,"7500 Winona Lane, Sebastopol"
1289,"11600 Graton Road, Sebastopol"
1290,"17000 Sweetwater Springs Road, Guerneville"
1291,"1500 Balboa Street, Richmond District, San Francisco"
1292,"1300 Wright Loop, Presidio, San Francisco"
1293,"400 Moraga Street, Sunset District, San Francisco"
1294,"600 Panorama Drive, Midtown Terrace, San Francisco"
1295,"0 Avoca Alley, West of Twin Peaks, San Francisco"
1296,"1300 22nd Avenue, Sunset District, San Francisco"
1297,"100 Font Boulevard, Lakeshore, San Francisco"
1298,"200 3rd Avenue, Richmond District, San Francisco"
1299,"8700 Mission Rock Street, South of Market, San Francisco"
1300,"200 John F Kennedy Drive, Golden Gate Park, San Francisco"
1301,"2400 Delaware Avenue, Pacific, Stockton"
1302,"Tasman Drive, Santa Clara"
1303,"0 Rose Orchard Way, North San Jose, San Jose"
1304,"2300 Lafayette Street, Santa Clara"
1305,"1000 Morris Court, Central San Jose, San Jose"
1306,"2400 Moraine Drive, Santa Clara"
1307,"1100 Block Drive, Santa Clara"
1308,"2300 Kenwood Avenue, Central San Jose, San Jose"
1309,"300 Kiely Boulevard, West San Jose, San Jose"
1310,"1400 Essex Way, West San Jose, San Jose"
1311,"4600 Alex Drive, West San Jose, San Jose"
1313,"3300 West Cherry Creek Road, Cloverdale"
1318,"3100 East Fremont Street, Stockton"
1320,"1900 South Monroe Street, Seaport, Stockton"
1321,"700 Houston Avenue, Seaport, Stockton"
1322,"500 North Gertrude Avenue, Stockton"
1326,"4500 Heron Lakes Drive, Brookside, Stockton"
1329,"1100 Archer Way, San Tomas, Campbell"
1330,"15700 Shannon Road, Los Gatos"
1331,"500 University Avenue, Los Gatos"
1332,"100 Los Patios, Los Gatos"
1333,"21800 Lomita Avenue, Cupertino"
1334,"1100 Danbury Drive, Alderbrook, San Jose"
1335,"19300 Greenwood Circle, Cupertino"
1336,"1400 Bobwhite Avenue, Sunnyvale"
1337,"1100 Jamestown Drive, Sunnyvale West, Sunnyvale"
1338,"700 East Evelyn Avenue, Sunnyvale"
1339,"700 San Juan Drive, San Miguel, Sunnyvale"
1343,"500 Grimes Avenue, Modesto"
1344,"1000 Carlos Court, Modesto"
1350,"100 Pueblo Avenue, Shackelford, Modesto"
1356,"12600 West Highway 12, Acampo"
1357,"1300 Holly Avenue, Los Altos"
1358,"4100 Coulombe Drive, Green Acres, Palo Alto"
1359,"3000 Waverley Street, Midtown, Palo Alto"
1360,"300 Waverley Street, Downtown North, Palo Alto"
1361,"26200 Catharine Court, Los Altos Hills"
1363,"Reservoir Road, Stanford"
1369,"3000 Azevedo Drive, North Sacramento, Sacramento"
1371,"Metro Air Parkway, North Natomas, Sacramento"
1373,"3700 Myrtle Avenue, North Highlands"
1381,"April Trail, Almaden, San Jose"
1385,"21800 Fortini Road, Almaden, San Jose"
1386,"5700 Beswick Drive, South San Jose, San Jose"
1387,"400 Fieldcrest Drive, South San Jose, San Jose"
1388,"100 Carling Court, South San Jose, San Jose"
1390,"5500 Foothill Garden Court, Foothill Gardens, Sacramento"
1396,"Butterfield Boulevard, Morgan Hill"
1397,"16600 Glen Kanyon Court, Morgan Hill"
1398,"300 Heidi Court, Morgan Hill"
1399,"Levee, Gilroy"
1401,"800 Frewert Road, Lathrop"
1403,"400 Monte Vista, Tracy"
1404,"300 Derecho Way, Tracy"
1405,"Lauriana Lane, Tracy"
1406,"600 Choctaw Drive, South San Jose, San Jose"
1407,"300 Kalana Avenue, Morgan Hill"
1408,"18300 Castle Hill Drive, Morgan Hill"
1409,"1900 Alpet Drive, Morgan Hill"
1410,"Gold Rush Drive, Gold River"
1412,"10900 Glenhaven Way, Walnut Woods, Rancho Cordova"
1415,"9900 Vanguard Drive, Lincoln Village, Sacramento"
1417,"3400 Skyward Court, Ellenwood Court, Sacramento"
1418,"9500 River Rose Way, Premier Garden, Sacramento"
1424,"Great Meadow Bike Path, Santa Cruz"
1425,"400 Frederick Street, Seabright, Santa Cruz"
1426,"900 Freedom Boulevard, Watsonville"
1429,"100 Holm Road, Watsonville"
1431,"2600 Highway 9, Felton"
1432,"1500 Nelson Road, Scotts Valley"
1437,"200 Knowles Avenue, Daly City"
1438,"300 87th Street, St. Francis, Daly City"
1439,"4000 Branciforte Drive, Santa Cruz"
1440,"200 Minto Road, Watsonville"
1441,"300 Thompson Road, Watsonville"
1442,"11600 Bruceville Road, Elk Grove"
1443,"100 Serramonte Boulevard, Serramonte, Daly City"
1444,"4300 Bolsa Road, Hollister"
1445,"1900 Meridian Street, Hollister"
1446,"700 Larch Avenue, Paradise Valley, South San Francisco"
1447,"200 9th Lane, Downtown, South San Francisco"
1448,"300 Baden Avenue, Downtown, South San Francisco"
1449,"500 Forbes Boulevard, The East Side, South San Francisco"
1450,"0 Brookhaven Court, Fairmont, Pacifica"
1451,"400 Loma Vista Terrace, Sharp Park, Pacifica"
1452,"200 Ramona Avenue, Vallemar, Pacifica"
1453,"2700 Campus Drive, Beresford Park, San Mateo"
1454,"300 East 28th Avenue, South San Mateo, San Mateo"
1455,"1800 Helene Court, East San Mateo, San Mateo"
1456,"Montara Mountain Trail, Pacifica"
1457,"1500 Donner Avenue, San Bruno"
1458,"0 Colorados Drive, Millbrae"
1459,"1400 Vancouver Avenue, Easton Addition, Burlingame"
1460,"400 Williams Place, Central San Mateo, San Mateo"
1461,"200 North Fremont Street, Central San Mateo, San Mateo"
1462,"1600 54th Avenue, Wentworth Holland, Oakland"
1463,"1000 Pensacola Street, Foster City"
1464,"200 Cupertino Way, South San Mateo, San Mateo"
1465,"Highgate Road, Vallejo"
1467,"2600 Somerset Drive, Belmont"
1468,"0 Wessex Way, San Carlos"
1469,"0 Maloney Court, Oak Knoll - Redwood Park, Redwood City"
1470,"1500 Oxford Street, Palm Park, Redwood City"
1471,"3900 Farm Hill Boulevard, Farm Hills, Redwood City"
1472,"200 Oakhurst Place, Suburban Park - Lorelei Manor - Flood Park Triangle, Menlo Park"
1473,"2800 Fordham Street, East Palo Alto"
1475,"1000 Greenmont Drive, Vallejo"
1476,"Clipper Drive, Vallejo"
1477,"1200 Sacramento Street, Vallejo"
1478,"400 Meadows Drive, Vallejo"
1479,"Bee Biology Road, Davis"
1481,"Unnamed Road, Benicia"
1482,"700 Mockingbird Place, Northstar, Davis"
1484,"29300 Lassen Street, Tennyson - Alquire, Hayward"
1488,"Unnamed Road, Woodland"
1492,"33500 7th Street, Union City"
1495,"1600 Tremont Drive, Santa Cruz"
1498,"1100 Park Avenue, Emeryville"
1499,"900 Atlantic Avenue, Alameda"
1504,"5800 Christie Avenue, Emeryville"
1505,"5100 Diane Lane, Livermore"
1510,"500 Buena Vista Avenue, West Alameda, Alameda"
1511,"2300 Oregon Street, South Berkeley, Berkeley"
1512,"2000 Essex Street, South Berkeley, Berkeley"
1513,"Dwight D. Eisenhower Highway, Berkeley"
1514,"1700 McGee Avenue, North Berkeley, Berkeley"
1515,"1700 Scenic Avenue, Northside, Berkeley"
1516,"1300 Ward Street, Southwest Berkeley, Berkeley"
1517,"1000 Central Avenue, West Alameda, Alameda"
1518,"1300 67th Street, Southwest Berkeley, Berkeley"
1519,"2600 99th Avenue, Toler Heights, Oakland"
1520,"10600 Voltaire Avenue, Las Palmas, Oakland"
1521,"1700 105th Avenue, Iveywood, Oakland"
1522,"700 Ramona Avenue, Albany"
1523,"1000 Neilson Street, Albany"
1524,"1700 Portland Avenue, Berkeley Hills, Berkeley"
1525,"1400 Edith Street, North Berkeley, Berkeley"
1526,"500 Weldon Avenue, Grand Lake, Oakland"
1527,"200 John Street, Piedmont Avenue, Oakland"
1528,"6400 Gwin Road, Merriewood, Oakland"
1529,"6100 Estates Drive, Montclair, Piedmont"
1530,"0 Blachford Court, Piedmont Pines, Oakland"
1531,"3800 Elston Avenue, Glenview, Oakland"
1532,"600 East 18th Street, Clinton, Oakland"
1533,"1600 11th Avenue, Clinton, Oakland"
1534,"600 East 8th Street, Downtown Oakland, Oakland"
1535,"1900 Irving Avenue, Meadow Brook, Oakland"
1536,"2900 Sheffield Avenue, Reservoir Hills, Oakland"
1537,"3200 Suter Street, Upper Peralta Creek, Oakland"
1538,"1500 35th Avenue, Fruitvale, Oakland"
1539,"4600 Reinhardt Drive, Redwood Heights, Oakland"
1540,"6500 Outlook Avenue, Millsmont, Oakland"
1541,"6200 Foothill Boulevard, Bancroft Business, Oakland"
1542,"1100 77th Avenue, Fitchburg, Oakland"
1543,"1700 Auseon Avenue, Webster, Oakland"
1544,"8600 Dowling Street, Castlemont, Oakland"
1545,"1300 Willow Avenue, Hercules"
1546,"5400 Sobrante Avenue, El Sobrante"
1547,"2600 Brian Road, San Pablo"
1548,"27800 Manon Avenue, Harder - Tennyson, Hayward"
1549,"200 Revere Avenue, Fairway Prk, Hayward"
1550,"30800 San Clemente Street, Hayward"
1551,"100 Palm Drive, Union City"
1552,"2000 H Street, Union City"
1553,"32500 Union City Boulevard, Union City"
1554,"Fox Avenue, Centerville, Fremont"
1555,"3600 Johnson Court, Northgate, Fremont"
1556,"3400 Beard Road, Northgate, Fremont"
1557,"7000 Auto Mall Parkway, Fremont"
1558,"2700 Provence Court, Livermore"
1559,"500 Embarcadero West, Downtown Oakland, Oakland"
1562,"1100 Stevenson Boulevard, Central District, Fremont"
1563,"38000 Glendale Drive, Centerville, Fremont"
1564,"1300 Tolteca Court, Weibel, Fremont"
1565,"Spring Valley Trail, Fremont"
1566,"48800 Semillon Drive, Warm Springs, Fremont"
1567,"Lake Boulevard, Newark"
1568,"8400 Central Avenue, Newark"
1570,"0 Tehan Canyon Road, Pleasanton"
1571,"500 Stonebridge Court, Pleasant Hill"
1574,"4200 Dublin Boulevard, Dublin"
1575,"7600 Brighton Drive, Dublin"
1577,"800 West Tower Avenue, Alameda"
1578,"Maguire Peaks Loop Trail, Sunol"
1582,"Riley Ridge Road, Castro Valley"
1583,"17900 Lake Chabot Road, Castro Valley"
1584,"2700 Jennifer Drive, Castro Valley"
1585,"20000 Lake Chabot Road, Castro Valley"
1586,"2500 Civic Avenue, Hayward Highland, Hayward"
1587,"29200 Bodega Street, Mission - Garin, Hayward"
1588,"Lilienthal Road, Livermore"
1589,"3400 Croak Road, Pleasanton"
1590,"6900 Crane Ridge Road, Livermore"
1592,"4800 Northridge Road, Martinez"
1594,"400 Pamela Court, Burbank, Hayward"
1595,"0 Austin Avenue, Jackson Triangle, Hayward"
1596,"24700 Mohr Drive, Mount Eden, Hayward"
1597,"26200 Regal Avenue, Harder - Tennyson, Hayward"
1598,"600 Parkhaven Court, Pleasant Hill"
1599,"400 Monti Circle, Pleasant Hill"
1602,"0 Carquinez Scenic Drive, Martinez"
1603,"900 Pinon Drive, Martinez"
1604,"200 John Glenn Drive, Concord"
1605,"2900 Esperanza Drive, Concord"
1606,"1700 Landana Drive, Dana Estates, Concord"
1608,"1100 Studebaker Road, Saranap, Walnut Creek"
1609,"500 Lakewood Circle, Walnut Creek"
1610,"1100 Eden Plains Road, Brentwood"
1612,"Big Break Regional Trail, Oakley"
1613,"1800 Castle Gate Road, Walnut Creek"
1614,"1500 Detroit Avenue, Monument Corridor, Concord"
1615,"1000 Irwin Court, Concord"
1616,"1400 Bentley Street, Concord"
1617,"1000 Norwich Place, Ygnacio Valley, Walnut Creek"
1618,"500 North San Carlos Drive, Walnut Creek"
1619,"600 Castle Rock Road, Walnut Creek"
1620,"14800 Byron Highway, Byron"
1621,"1900 Dolphin Place, Discovery Bay"
1622,"2500 Pittsburg-Antioch Highway, Antioch"
1623,"2900 Los Altos Way, Antioch"
1624,"2900 Roosevelt Lane, Antioch"
1625,"1900 Cardiff Drive, Pittsburg"
1626,"3200 Harbor Street, Pittsburg"
1627,"Briones to Mount Diablo Regional Trail, Walnut Creek"
1628,"800 Orange Blossom Way, Danville"
1629,"500 Peru Avenue, Excelsior, San Francisco"
1630,"800 Bacon Street, Excelsior, San Francisco"
1631,"0 Bangor Court, San Ramon"
1632,"1300 Dutch Mill Drive, Danville"
1633,"2800 Fountainhead Drive, San Ramon"
1634,"500 Hemme Avenue, Alamo"
1635,"1800 Lackland Drive, Alamo"
1636,"2300 Range Road, Pittsburg"
1637,"1100 Willow Pass Road, Bay Point"
1638,"Port Chicago Highway, Bay Point"
1639,"0 Curtis Street, Crocker-Amazon, San Francisco"
1640,"Sand Hill Trail, Danville"
1641,"South Monarch Road, San Ramon"
1642,"Rolling Hills Trail, San Ramon"
1643,"1000 Barkwood Court, Concord"
1644,"5700 Alhambra Valley Road, Martinez"
1645,"100 Zephyr, Hercules"
1646,"100 Murray Street, Bernal Heights, San Francisco"
1647,"500 Brunswick Street, Crocker-Amazon, San Francisco"
1648,"Historic Trail, Inner Sunset, San Francisco"
1649,"1300 10th Avenue, Inner Sunset, San Francisco"
1650,"1900 16th Avenue, Inner Sunset, San Francisco"
1651,"600 39th Street, North & East, Richmond"
1652,"900 18th Street, Belding Woods, Richmond"
1653,"Petrolite Street, Richmond"
1654,"Regatta Boulevard, Marina Bay, Richmond"
1655,"100 South 35th Street, Pullman, Richmond"
1656,"1300 Contra Costa Drive, El Cerrito"
1657,"1200 Norvell Street, El Cerrito"
1658,"6800 Fairmount Avenue, El Cerrito"
1659,"200 Trinity Avenue, Kensington"
1660,"2400 Arden Way, Cassell, San Jose"
1664,"1000 Windermere Avenue, Cresthaven, Roseville"
1674,"200 Hyde Street, Tenderloin, San Francisco"
1677,"200 Funston Road, Marina District, San Francisco"
1682,"700 Haight Street, Lower Haight, San Francisco"
1685,"0 Dwinelle Court, Alameda"
1686,"0 The Embarcadero, North Beach, San Francisco"
1687,"1400 Powell Street, Russian Hill, San Francisco"
1688,"1100 Taylor Street, Nob Hill, San Francisco"
1689,"200 Sutter Street, Financial District, San Francisco"
1690,"900 Pine Street, Lower Nob Hill, San Francisco"
1691,"200 O'Farrell Street, Tenderloin, San Francisco"
1692,"800 Mission Street, South of Market, San Francisco"
1694,"700 Folsom Street, South of Market, San Francisco"
1695,"5th Street, Treasure Island, San Francisco"
1696,"4700 18th Street, Eureka Valley, San Francisco"
1697,"400 Burnett Avenue, Twin Peaks, San Francisco"
1698,"3500 20th Street, Mission District, San Francisco"
1699,"900 Sanchez Street, Dolores Heights, San Francisco"
1700,"3900 25th Street, Noe Valley, San Francisco"
1701,"600 28th Street, Noe Valley, San Francisco"
1702,"100 Randall Street, Glen Park, San Francisco"
1703,"2600 21st Street, Mission District, San Francisco"
1704,"2900 24th Street, Mission District, San Francisco"
1705,"0 Conkling Street, Silver Terrace, San Francisco"
1706,"700 Bernal Heights Boulevard, Bernal Heights, San Francisco"
1707,"100 Appleton Avenue, Bernal Heights, San Francisco"
1708,"300 Osage Place, Lathrop"
1710,"100 Morningside Drive, Lakeshore, San Francisco"
1712,"California 120, Manteca"
1713,"25600 South Lammers Road, Tracy"
1714,"20400 El Rancho Road, Tracy"
1715,"1600 Etta Way, Tracy"
1717,"25700 South Kasson Road, Tracy"
1718,"300 Arballo Drive, Lakeshore, San Francisco"
1719,"31500 South Corral Hollow Road, Tracy"
1720,"2200 47th Avenue, Sunset District, San Francisco"
1721,"Bayfront Expressway, Menlo Park"
1722,"200 9th Avenue, Richmond District, San Francisco"
1723,"600 Burrows Avenue, San Bruno"
1724,"2200 Euclid Avenue, East Palo Alto"
1725,"1200 San Mateo Drive, Menlo Park"
1726,"1700 Oakdell Drive, Menlo Park"
1727,"100 Fifth Avenue, South Fair Oaks, Redwood City"
1728,"800 Easton Avenue, San Bruno"
1729,"1500 Adrian Road, Ingold - Milldale, Burlingame"
1730,"0 Park Lane, Brisbane"
1731,"0 Orange Court, Hillside, Daly City"
1732,"0 Longview Drive, Westlake, Daly City"
1733,"0 Barry Lane, West Atherton, Atherton"
1734,"0 Flood Circle, Lindenwood, Atherton"
1735,"100 Clark Drive, Central San Mateo, San Mateo"
1736,"2500 Sand Hill Road, Sharon Heights, Menlo Park"
1737,"700 Westridge Drive, Central Portola Valley, Portola Valley"
1738,"1000 Wildwood Avenue, Westlake, Daly City"
1739,"0 Reiner Street, Daly City"
1740,"800 Campus Drive, Serramonte, Daly City"
1741,"200 Morton Drive, Serramonte, Daly City"
1742,"Junipero Serra Boulevard, Serra Highlands, South San Francisco"
1743,"600 San Bruno Avenue East, San Bruno"
1744,"1200 Helen Drive, Millbrae"
1745,"Ed Taylor Trail, Burlingame Hills, Burlingame"
1746,"600 North Delaware Street, Central San Mateo, San Mateo"
1747,"1700 Coyote Point Drive, Shoreview, San Mateo"
1748,"500 Carmel Circle, Baywood - Aragon, San Mateo"
1749,"1600 Parrott Drive, South San Mateo, San Mateo"
1750,"1700 Yorktown Road, San Mateo"
1751,"400 31st Avenue, Beresford Park, San Mateo"
1752,"200 West 25th Avenue, South San Mateo, San Mateo"
1753,"100 Yawl Court, Foster City"
1754,"100 Sea Cloud Drive, Foster City"
1755,"3000 Los Prados Street, East San Mateo, San Mateo"
1756,"2400 Casa Bona Avenue, Belmont"
1757,"1100 Saint Francis Street, Palm Park, Redwood City"
1758,"100 Queens Court, San Carlos"
1759,"600 Sylvan Way, Emerald Hills"
1760,"100 Nevada Street, Mount Carmel, Redwood City"
1761,"100 Fulton Street, Mount Carmel, Redwood City"
1762,"500 Summit Spring Road, Woodside"
1763,"Pomponio Truck Trail, Pescadero"
1764,"300 26th Avenue, Central Richmond, San Francisco"
1768,"800 Balboa Street, Richmond District, San Francisco"
1770,"1800 32nd Avenue, Sunset District, San Francisco"
1771,"0 Lopez Avenue, West of Twin Peaks, San Francisco"
1772,"0 Rockaway Avenue, West of Twin Peaks, San Francisco"
1773,"0 Majestic Avenue, Ingleside, San Francisco"
1774,"200 Byxbee Street, Oceanview, San Francisco"
1775,"100 Farallones Street, Oceanview, San Francisco"
1776,"1800 25th Avenue, Sunset District, San Francisco"
1777,"7100 Geary Boulevard, Richmond District, San Francisco"
1778,"7700 Geary Boulevard, Richmond District, San Francisco"
1779,"500 John Muir Drive, Lakeshore, San Francisco"
1780,"1600 McKinnon Avenue, Bayview, San Francisco"
1781,"1100 Carolina Street, Potrero Hill, San Francisco"
1783,"1500 Mansell Street, Visitacion Valley, San Francisco"
1784,"Miners Levee, Civic Center, Stockton"
1785,"900 South Van Buren Street, Seaport, Stockton"
1786,"1000 South Fresno Avenue, Seaport, Stockton"
1787,"2200 Christina Avenue, Stockton"
1789,"2800 Lewis Street, August, Stockton"
1800,"11700 California 4, Stockton"
1804,"3800 Mission Drive, Santa Cruz"
1805,"500 30th Avenue, Opal Cliffs, Santa Cruz"
1806,"7200 Glen Haven Road, Soquel"
1807,"7300 Viewpoint Road, Aptos"
1808,"2100 Wallace Avenue, Aptos"
1809,"Harkins Slough Lane, Watsonville"
1810,"4600 Y Street, Southeastern Sacramento, Sacramento"
1813,"1300 Travers Lane, Corralitos"
1814,"Uptown Alley, Central Sacramento, Sacramento"
1821,"200 Majestic Lane, North Sacramento, Sacramento"
1824,"800 Flin Way, Sunnyvale"
1825,"1500 Dominion Avenue, Sunnyvale"
1826,"1100 Hollenbeck Avenue, Sunnyvale West, Sunnyvale"
1827,"800 Hanover Avenue, Sunnyvale West, Sunnyvale"
1829,"1000 Hedera Court, Ponderosa Park, Sunnyvale"
1830,"300 South Sunnyvale Avenue, Heritage District, Sunnyvale"
1831,"1100 East Arques Avenue, Sunnyvale"
1832,"500 Sullivan Drive, Mountain View"
1833,"500 Logue Avenue, Mountain View"
1834,"500 Castro Street, Old Mountain View, Mountain View"
1838,"500 Chesley Avenue, Waverly Park, Mountain View"
1839,"300 Cleveland Avenue, North Sacramento, Sacramento"
1842,"1500 North Market Boulevard, North Sacramento, Sacramento"
1845,"4600 Garden Highway, North Natomas, Sacramento"
1847,"1000 Barbara Avenue, Blossom Valley, Mountain View"
1848,"600 Campbell Avenue, Los Altos"
1849,"300 South San Antonio Road, North Los Altos, Los Altos"
1850,"200 Vernal Court, North Los Altos, Los Altos"
1851,"100 Primrose Way, Duveneck - St. Francis, Palo Alto"
1852,"0 Ryan Court, Stanford"
1853,"1400 Club View Terrace, Country Club, Los Altos"
1856,"2500 Ocala Avenue, East San Jose, San Jose"
1865,"5700 Greenback Lane, Sacramento"
1868,"900 North 9th Street, Central San Jose, San Jose"
1869,"12900 Tripoli Court, Los Altos Hills"
1870,"6700 Heathfield Drive, South San Jose, San Jose"
1871,"1400 Calle Alegre, South San Jose, San Jose"
1872,"1200 Ashcroft Lane, Cambrian, San Jose"
1873,"400 Piercy Road, Edenvale, San Jose"
1874,"4900 Minas Drive, South San Jose, San Jose"
1875,"Guadalupe River Trail, Edenvale, San Jose"
1876,"500 Cozy Drive, South San Jose, San Jose"
1877,"6100 Encinal Drive, Edenvale, San Jose"
1884,"100 North Jackson Avenue, East San Jose, San Jose"
1885,"800 Point Creek Drive, Alum Rock, San Jose"
1886,"3600 Madeline Drive, Alum Rock, San Jose"
1887,"10300 Chrisland Avenue, Alum Rock, San Jose"
1888,"4100 Golf Drive, Alum Rock, San Jose"
1889,"3000 Berryessa Road, Alum Rock, San Jose"
1890,"2200 Charger Drive, North San Jose, San Jose"
1891,"800 Jury Court, North San Jose, San Jose"
1892,"2000 Commodore Drive, East San Jose, San Jose"
1893,"2200 Shade Tree Lane, North San Jose, San Jose"
1894,"600 Shetland Court, Milpitas"
1895,"2100 Glenview Drive, Milpitas"
1896,"9200 Dove Court, Gilroy"
1897,"1600 Exposition Boulevard, North Sacramento, Sacramento"
1898,"2100 Surrey Road, North Sacramento, Sacramento"
1899,"1200 58th Avenue, Southwestern Sacramento, Sacramento"
1903,"Spring Street, Central San Jose, San Jose"
1904,"100 East San Fernando Street, Central San Jose, San Jose"
1905,"700 East Saint James Street, Central San Jose, San Jose"
1906,"0 South 21st Street, Central San Jose, San Jose"
1907,"500 Margaret Street, Central San Jose, San Jose"
1908,"400 Vista Ridge Drive, Milpitas"
1909,"Agua Caliente Trail, Milpitas"
1910,"2200 Royal Drive, Santa Clara"
1911,"3400 Flora Vista Avenue, Santa Clara"
1912,"900 Pepper Tree Lane, Santa Clara"
1913,"1200 Washington Street, Santa Clara"
1914,"200 Westridge Drive, Central San Jose, Santa Clara"
1915,"2600 Estella Drive, Santa Clara"
1916,"1200 Collins Lane, West San Jose, San Jose"
1917,"4900 Moorpark Avenue, Strawberry Park, San Jose"
1918,"3700 Rhoda Drive, West San Jose, San Jose"
1919,"300 Mac Arthur Avenue, Central San Jose, San Jose"
1920,"1800 Fruitdale Avenue, Central San Jose, San Jose"
1921,"1700 Blackford Lane, Willow Glen, San Jose"
1922,"1800 Hurst Avenue, Willow Glen, San Jose"
1923,"100 North Midway Street, Pruneyard / Dry Creek, Campbell"
1924,"2200 Curtner Avenue, Campbell"
1925,"4200 Leigh Avenue, Cambrian, San Jose"
1926,"3800 Willowood Drive, South San Jose, San Jose"
1927,"0 Almaden Plaza Way, South San Jose, San Jose"
1928,"1300 Bryan Avenue, South San Jose, San Jose"
1929,"800 Monica Lane, Campbell"
1930,"0 North 1st Street, Downtown, Campbell"
1931,"1200 Latimer Avenue, Campbell"
1932,"600 Laura Drive, San Tomas, Campbell"
1933,"16300 Los Gatos Almaden Road, Los Gatos"
1934,"16700 Madrone Avenue, Los Gatos"
1935,"100 Arroyo Grande Way, Los Gatos"
1936,"14400 Chester Avenue, Saratoga"
1937,"19500 Dorchester Drive, Golden Triangle, Saratoga"
1938,"3300 Brodie Drive, South San Jose, San Jose"
1939,"2500 Loomis Drive, South San Jose, San Jose"
1940,"700 Overland Way, South San Jose, San Jose"
1941,"4400 Bella Madeira Lane, Alum Rock, San Jose"
1942,"3500 Slopeview Drive, East San Jose, San Jose"
1943,"4200 Chaboya Hills Court, Evergreen, San Jose"
1944,"700 Girard Street, Visitacion Valley, San Francisco"
1945,"5300 Canyon Hills Lane, East San Jose, San Jose"
1946,"1800 Loch Ness Way, Evergreen, San Jose"
1947,"21800 Vía Regina, Saratoga"
1948,"21700 Rainbow Drive, Cupertino"
1949,"7100 Rainbow Drive, West San Jose, San Jose"
1950,"1500 June Avenue, Alum Rock, San Jose"
1951,"400 Delta Street, Visitacion Valley, San Francisco"
1952,"200 Parmer Avenue, Alum Rock, San Jose"
1954,"12000 West Ripon Road, Ripon"
1955,"Liccicitos Road, Moss Beach"
1965,"6200 Frazier Lake Road, Gilroy"
1966,"300 Ioof Avenue, Gilroy"
1967,"400 Upper Park Road, Santa Cruz"
1968,"700 Meder Street, Santa Cruz"
1969,"700 Broadway, Seabright, Santa Cruz"
1970,"100 Jenne Street, Santa Cruz"
1971,"500 Vivienne Drive, Watsonville"
1972,"700 West Beach Street, Watsonville"
1978,"1700 Freedom Boulevard, Freedom"
1979,"300 Buena Vista Drive, Watsonville"
1980,"600 Big Creek Road, Davenport"
1981,"600 Crest Drive, Ben Lomond"
1982,"100 Monte Verde Drive, Vacaville"
1988,"1600 Sausalito Drive, Hollister"
1989,"11200 Visitar Street, Felton"
1990,"7700 Pitt School Road, Dixon"
1991,"Ragsdale Street, Fairfield"
1992,"13700 Long Ridge Road, Los Gatos"
1993,"700 Village Drive, Suisun City"
1994,"800 Bobolink Court, Suisun City"
1995,"7600 Pleasants Valley Road, Vacaville"
1996,"200 Riverview Drive, Vallejo"
1997,"17200 Gehricke Road, Sonoma"
1998,"2300 Grove Street, Sonoma"
1999,"Road 107A, West Sacramento"
2000,"200 Genoa Court, Vallejo"
2001,"900 Telford Lane, Petaluma"
2002,"2600 I Street, Petaluma"
2003,"800 West Street, Petaluma"
2004,"9100 California 116, Forestville"
2005,"25400 County Road 29, Winters"
2008,"3100 Calistoga Road, Santa Rosa"
2009,"21600 Highland Terrace, Monte Rio"
2010,"Pepperwood Preserve Road, Santa Rosa"
2011,"Mc Near Road, Healdsburg"
2012,"100 1st Street, Benicia"
2013,"300 Southport Way, Vallejo"
2014,"1600 Salmon Creek Road, Occidental"
2015,"0 Cantera Run, Carmel-by-the-Sea"
2016,"200 Raymond Drive, Benicia"
2017,"Unnamed Road, Chualar"
2020,"200 Kirkland Ranch Road, American Canyon"
2021,"4600 Saint Helena Highway, Napa"
2022,"200 Clearview Drive, Vallejo"
2023,"0 Midway Street, Vallejo"
2024,"300 Georgia Street, Vallejo"
2025,"1400 South Whitehall Lane, Saint Helena"
2026,"3700 Old Lawley Toll Road, Calistoga"
2027,"1400 El Dorado Street, Vallejo"
2028,"0 Johnson Lane, Vallejo"
2029,"4900 Ridgefield Circle, Fairfield"
2033,"1800 Crestmoor Court, Ceres"
2049,"2600 Goodwin Avenue, Penngrove"
2050,"8800 Poplar Avenue, Cotati"
2051,"5600 State Farm Drive, Rohnert Park"
2052,"7100 Camino Colegio, Rohnert Park"
2053,"1500 Marlin Place, Rohnert Park"
2056,"600 Palamino Drive, Santa Rosa"
2057,"4700 Woodview Drive, Fairway View Estates Homeowners Association, Santa Rosa"
2058,"1300 Lawndale Road, Kenwood"
2059,"5000 Morocco Drive, Santa Rosa"
2060,"5000 Flightline Drive, Santa Rosa"
2061,"2600 Pomo Trail, Santa Rosa"
2062,"3100 Piner Road, Santa Rosa"
2063,"400 Country Club Drive, Santa Rosa"
2064,"2000 Burbank Avenue, Southwest Santa Rosa, Santa Rosa"
2065,"1600 Ludwig Avenue, Santa Rosa"
2066,"1000 El Centro Avenue, Napa"
2067,"3100 Linda Vista Avenue, Napa"
2068,"5900 Fredricks Road, Sebastopol"
2069,"2400 Vine Hill Drive, Napa"
2070,"1100 Thompson Avenue, Napa"
2071,"5500 Volkerts Road, Sebastopol"
2072,"10600 Moonshine Road, Sebastopol"
2073,"Kelly Road, Cloverdale"
2074,"1500 Green Island Road, American Canyon"
2076,"5400 Stoddard Road, Modesto"
2078,"1800 Park Street, Saint Helena"
2082,"1600 McKinley Avenue, Woodland"
2086,"Homestead Way, Woodland"
2100,"San Juan Grade Road, Salinas"
2101,"1600 Cambrian Drive, Salinas"
2102,"700 Saint Charles Way, Salinas"
2103,"700 Kilbreth Avenue, Salinas"
2104,"0 West Gabilan Street, Salinas"
2105,"300 Olive Avenue, Novato"
2106,"1000 Madison Lane, Salinas"
2107,"200 Jensen Road, Moss Landing"
2108,"17200 Tamara Lane, Royal Oaks, Prunedale"
2109,"18000 Lillian Lane, Prunedale"
2110,"2700 Ribera Road, Carmel-by-the-Sea"
2111,"200 Locust Street, Pacific Grove"
2112,"1100 Jewell Avenue, Pacific Grove"
2113,"Cabrillo Highway, Marina"
2114,"0 Black Oak Lane, Novato"
2115,"100 Sequoia Glen Lane, Novato"
2116,"0 Waterbury Lane, Novato"
2117,"0 Oxford Drive, San Rafael"
2118,"2500 Lucas Valley Road, San Rafael"
2119,"300 California Avenue, San Rafael"
2120,"0 Reservoir Road, San Rafael"
2121,"2900 Kerner Boulevard, San Rafael"
2122,"900 Monterey Salinas Highway, Salinas"
2123,"0 Fern Street, Monterey"
2124,"3700 Divarty Street, Seaside"
2125,"7200 Highway, Moss Landing"
2126,"300 Soscol Avenue, Napa"
2127,"0 Hamilton Drive, Mill Valley"
2130,"300 Bolinas Road, Fairfax"
2131,"700 Vía Casitas, Greenbrae, Larkspur"
2132,"300 Vista Grande, Greenbrae, Kentfield"
2133,"600 Manzanita Avenue, Corte Madera"
2134,"300 San Rafael Avenue, Belvedere, Belvedere Tiburon"
2135,"0 Fairway Drive, Mill Valley"
2136,"300 Carrera Drive, Mill Valley"
2137,"0 West Harbor Drive, Sausalito"
2138,"500 South Whipple Street, Fort Bragg"
2145,"500 Downing Avenue, Central San Jose, San Jose"
2146,"200 Union Avenue, Campbell"
2147,"1400 Clemence Avenue, South San Jose, San Jose"
2148,"2900 McLaughlin Avenue, South San Jose, San Jose"
2149,"2200 Vista Verde Drive, East San Jose, San Jose"
2150,"3300 San Rivas Drive, Evergreen, San Jose"
2151,"6000 Running Springs Road, Evergreen, San Jose"
2152,"600 Lenfest Road, Alum Rock, San Jose"
2153,"3300 Holly Drive, Alum Rock, San Jose"
2154,"4200 Sierra Road, Berryessa, San Jose"
2155,"3100 North Shoreline Boulevard, Mountain View"
2156,"Serres Lane, Sonoma"
2157,"6200 Smith Avenue, Newark"
2158,"17000 Park Avenue, Sonoma"
2159,"Unnamed Road, Santa Rosa"
2160,"6900 Montecito Boulevard, Santa Rosa"
2161,"300 Westbrook Drive, Santa Rosa"
2162,"7500 Oxford Circle, Dublin"
2163,"1700 Bollinger Road, Sebastopol"
2164,"6200 Lockwood Drive, Windsor"
2169,"1000 Liege Terrace, Morse Park, Sunnyvale"
2170,"2500 Junction Avenue, North San Jose, San Jose"
2171,"1400 Airport Boulevard, North San Jose, San Jose"
2172,"3900 West Rincon Avenue, West San Jose, Campbell"
2173,"4900 Elester Drive, Cambrian, San Jose"
2174,"7600 Terrace Drive, El Cerrito"
2176,"1500 Ridgewood Road, Pleasanton"
2184,"1000 Serpentine Lane, Pleasanton"
2186,"1200 Rincon Avenue, Livermore"
2187,"4200 Middle Harbor Road, Oakland"
2192,"3100 Briones Valley Road, Brentwood"
2193,"0 East Lake Drive, Antioch"
2194,"3100 Milner Road, Antioch"
2195,"1400 Mondana Place, Pittsburg"
2196,"Unnamed Road, Pittsburg"
2197,"1700 Monsanto Way, Concord"
2198,"0 Bartlett Court, Pleasant Hill"
2199,"1900 Hughes Drive, Monument Corridor, Concord"
2200,"2500 Cedro Lane, Ygnacio Valley, Walnut Creek"
2201,"Mezue Trail, Richmond"
2202,"Bollinger Estates Court, San Ramon"
2203,"Spengler Trail, Lafayette"
2204,"2600 Saklan Indian Drive, Rossmoor, Walnut Creek"
2205,"0 Ashbrook Place, Corliss, Moraga"
2206,"600 Sunflower Court, San Ramon"
2207,"C Street, Rodeo"
2208,"100 South Wildwood, Hercules"
2209,"2900 Barkley Drive, Fairmede - Hilltop, Richmond"
2210,"200 South 17th Street, Coronado, Richmond"
2212,"500 63rd Street, Upper Telegraph, Oakland"
2213,"800 40th Street, Longfellow, Oakland"
2214,"1900 Melvin Road, Oakmore, Oakland"
2215,"1500 East 31st Street, Tuxedo, Oakland"
2216,"2800 Morgan Avenue, Lincoln Highlands, Oakland"
2217,"5600 Holway Street, Oakland"
2218,"5300 Underwood Avenue, Mills College, Oakland"
2219,"2500 Church Street, Bancroft Business, Oakland"
2220,"9400 Dunbar Drive, Elmhurst Park, Oakland"
2221,"15900 Glen Una Drive, Los Gatos"
2222,"Junipero Serra Freeway, Cupertino"
2223,"1900 Scott Lane, Woodland Acres - The Highlands, Los Altos"
2224,"600 Arlington Avenue, Berkeley Hills, Berkeley"
2225,"200 Greenbank Avenue, Piedmont"
2226,"1800 Cedar Street, Upper B Street, Hayward"
2227,"200 Willow Avenue, Hayward"
2228,"24300 Israel Court, Hayward"
2229,"0 Kirby Place, Crescent Park, Palo Alto"
2230,"4200 North Livermore Avenue, Livermore"
2231,"100 Garden Lane, Millbrae"
2232,"Loma Almaden Road, Los Gatos"
2233,"5800 Hillview Avenue, South San Jose, San Jose"
2234,"15200 Watsonville Road, Morgan Hill"
2235,"Harvard Drive, Dixon"
2236,"San Francisco Bay Trail, Hayward"
2237,"43300 Jerome Avenue, Mission San Jose, Fremont"
2238,"0 Cordevalle Club Drive, San Martin"
2239,"1900 Ballybunion Court, Gilroy"
2240,"600 Campus Drive, Stanford"
2241,"1400 McAllister Way, Santa Cruz"
2242,"700 Boulder Brook Drive, Boulder Creek"
2243,"200 Vía Novella, Aptos"
2244,"0 Crystal Springs Terrace, Hillsborough Park, Hillsborough"
2245,"1400 Crestwood Court, South San Mateo, San Mateo"
2246,"900 Baker Way, East San Mateo, San Mateo"
2247,"J. Arthur Younger Freeway, Foster City"
2248,"1600 Notre Dame Avenue, Belmont"
2249,"2000 Arroyo Avenue, San Carlos"
2250,"Hassler Trail, Redwood City"
2251,"2100 Camino De Los Robles, University Heights, Menlo Park"
2252,"Elmira Road, Vacaville"
2253,"7000 Highway 12, Rio Vista"
2254,"1200 Farragut Circle, Davis"
2257,"800 Chamise Drive, Salinas"
2258,"900 Petra Lane, Pacific Grove"
2259,"Fishnet Road, Monterey"
2262,"0 Nova Lane, Novato"
2263,"0 Snowden Lane, Oak Manor, Fairfax"
2264,"900 Mazzoni Street, Ukiah"
2265,"Toyon, Salinas"
2269,"500 Elder Avenue, Sand City"
2270,"Trail 91, Seaside"
2271,"Unnamed Road, Salinas"
2272,"600 Montecito Boulevard, Napa"
2273,"600 Dowdell Lane, Saint Helena"
2275,"0 Potomac Drive, Antioch"
2281,"0 Corte Palos Verdes, Tiburon, Belvedere Tiburon"
2282,"9200 Lakepoint Drive, Elk Grove"
2288,"8200 Alpine Avenue, Southeastern Sacramento, Sacramento"
2295,"10400 Abington Way, Cordova Towne, Rancho Cordova"
2304,"700 Gail Avenue, Sunnyvale"
2305,"1900 Hackett Avenue, Mountain View"
2306,"3900 Five Mile Drive, Lincoln Village West, Stockton"
2307,"6500 Addition Road, Newark"
2308,"300 Fremont Street, South of Market, San Francisco"
2309,"1700 Monte Diablo Avenue, Pacific, Stockton"
2311,"2700 Larkin Street, Russian Hill, San Francisco"
2312,"2100 Webster Street, Pacific Heights, San Francisco"
2313,"1300 Webster Street, Western Addition, San Francisco"
2314,"300 Waller Street, Western Addition, San Francisco"
2315,"0 Duboce Avenue, South of Market, San Francisco"
2316,"2800 Folsom Street, Mission District, San Francisco"
2317,"100 Coleridge Street, Bernal Heights, San Francisco"
2318,"100 Santa Rosa Avenue, Outer Mission, San Francisco"
2319,"300 Lisbon Street, Excelsior, San Francisco"
2320,"300 Argonaut Avenue, Visitacion Valley, San Francisco"
2321,"400 Irving Street, Inner Sunset, San Francisco"
2322,"100 Eastwood Drive, West of Twin Peaks, San Francisco"
2323,"2600 40th Avenue, Sunset District, San Francisco"
2324,"1100 El Monte Street, Pacific, Stockton"
2325,"Unnamed Road, Stockton"
2327,"2800 White Lane, Stockton"
2328,"19200 Murphy Road, Ripon"
2329,"21000 Mountain House Parkway, Tracy"
2330,"0 Peoria Street, Crocker, Daly City"
2332,"2700 Adeline Street, South Berkeley, Berkeley"
2335,"700 Rosedale Avenue, Capitola"
2336,"1300 California Drive, Vacaville"
2337,"200 The Alameda, San Anselmo"
2339,"Frenchmans Creek Road, Half Moon Bay"
2340,"0 Mason Street, Tenderloin, San Francisco"
2341,"2800 Fern Flat Road, Aptos"
2342,"4200 Maybelle Avenue, Redwood Heights, Oakland"
2343,"West Point Road, Bayview, San Francisco"
2344,"600 3rd Avenue, Richmond District, San Francisco"
2345,"1400 Howard Avenue, Downtown, Burlingame"
2346,"0 Glen Avenue, Piedmont Avenue, Oakland"
2347,"1500 3rd Avenue, East Lake, Oakland"
2348,"7700 Sunkist Drive, Eastmont Hills, Oakland"
2349,"1600 Ward Street, South Berkeley, Berkeley"
2350,"400 Central Avenue, West Alameda, Alameda"
2351,"4700 Sorani Way, Castro Valley"
2352,"600 Shasta Street, Staumbaugh Heller, Redwood City"
2353,"27600 Melbourne Avenue, Glen Eden, Hayward"
2354,"400 School Street, Niles, Fremont"
2355,"38600 Cherry Lane, Cherry - Guardino, Fremont"
2356,"6200 Madigan Road, Dublin"
2357,"6500 Doolan Road, Livermore"
2358,"1500 De Leon Way, Livermore"
2359,"1200 Oak Ridge Road, Pinole"
2362,"100 Greentree Way, Milpitas"
2363,"18800 Barnhart Avenue, Rancho Rinconada, Cupertino"
2364,"1800 Buena Vista Road, Hollister"
2367,"0 Los Norrabos, El Toyonal, Orinda"
2368,"8100 Morgan Territory Road, Livermore"
2370,"1500 Partridge Avenue, Birdland Neighbors, Sunnyvale"
2374,"200 Fanyon Street, Milpitas"
2375,"1100 Manchester Drive, Santa Clara"
2376,"Kennedy Trail, Los Gatos"
2377,"2400 Hospital Drive, Cuesta Park, Mountain View"
2378,"700 Welch Road, Palo Alto"
2380,"13000 River Road, Guerneville"
2383,"11600 White Rock Road, Rancho Cordova"
2387,"800 California 37, Vallejo"
2388,"400 Ofarrell Drive, Benicia"
2389,"500 Morningstar Way, Vacaville"
2390,"0 Brennan Street, Watsonville"
2393,"North Peak Road, Clayton"
2394,"Deer Gulch Loop Trail, Canyon Heights - Vallejo Mills, Fremont"
2395,"39200 Farwell Drive, 28 Palms, Fremont"
2396,"46700 Bradley Street, Warm Springs, Fremont"
2398,"Sikes Road, Dixon"
2399,"12000 Highway 12, Glen Ellen"
2400,"100 Dublin Court, Petaluma"
2401,"1400 Queens Road, Berkeley Hills, Berkeley"
2402,"3700 Old Yerba Buena Road, Evergreen, San Jose"
2403,"2800 Forest Avenue, Berkeley"
2404,"500 Fairway Drive, Novato"
2405,"0 Upper Ames Avenue, Ross"
2406,"1700 Vistazo Street West, Tiburon, Belvedere Tiburon"
2407,"1400 Carmel Drive, Willow Glen, San Jose"
2408,"1900 Crinan Drive, South San Jose, San Jose"
2409,"4300 Hacienda Drive, Pleasanton"
2414,"800 Marylin Avenue, Livermore"
2415,"3000 Old Soda Springs Road, Napa"
2416,"Lougher Ridge Trail, Antioch"
2418,"600 7th Street, Iron Triangle, Richmond"
2420,"5200 Cleek Court, Richmond"
2421,"0 Lakeview Avenue, Piedmont"
2422,"18500 Madison Avenue, Castro Valley"
2423,"21800 Tanglewood Drive, Castro Valley"
2424,"17200 Via La Jolla, San Lorenzo"
2425,"3200 Rose Avenue, Ceres"
2429,"1600 El Centro Avenue, Napa"
2430,"2200 Streblow Drive, Napa"
2431,"27700 Mission Boulevard, Mission - Garin, Hayward"
2434,"1000 18th Street, West Oakland, Oakland"
2435,"4700 Clarewood Drive, Upper Rockridge, Oakland"
2436,"2100 East 19th Street, Rancho San Antonio, Oakland"
2437,"3200 38th Avenue, Allendale, Oakland"
2438,"Margie Lane, Oakland"
2439,"900 Delaware Street, Fairfield"
2441,"100 Octavia Street, Western Addition, San Francisco"
2442,"2800 Mission Street, Mission District, San Francisco"
2443,"500 22nd Street, Potrero Hill, San Francisco"
2444,"700 William Moss Boulevard, Weston Ranch, Stockton"
2446,"500 South Stockton Avenue, Ripon"
2448,"200 Shorebird Circle, Redwood Shores, Redwood City"
2451,"700 Westlake Center, Westlake, Daly City"
2452,"400 Verducci Drive, Serramonte, Daly City"
2453,"0 Orange Court, Country Club Manor, Hillsborough"
2454,"0 16th Avenue, Hayward Park, San Mateo"
2455,"1300 Holly Street, San Carlos"
2456,"300 Sherwood Way, Linfield Oaks, Menlo Park"
2458,"300 San Juan Avenue, Half Moon Bay"
2460,"1300 Montgomery Street, North Beach, San Francisco"
2463,"200 Moncada Way, Oceanview, San Francisco"
2464,"1700 47th Avenue, Sunset District, San Francisco"
2465,"Diamond Cove Terrace, Bayview, San Francisco"
2466,"400 Amador Street, Bayview, San Francisco"
2467,"3100 West Mendocino Avenue, Stockton"
2468,"400 Mendocino Avenue, Santa Rosa"
2469,"4200 Thomas Lake Harris Drive, Santa Rosa"
2470,"2000 Waltzer Road, Santa Rosa"
2471,"3300 Juniper Avenue, Santa Rosa"
2476,"0 Ragsdale Court, Salinas"
2477,"1300 Primavera Street, Salinas"
2478,"San Carlos Street, Golden Rectangle, Carmel-by-the-Sea"
2479,"200 Bonifacio Place, Monterey"
2480,"2100 Canyon Lakes Drive, San Ramon"
2482,"800 Palisade Drive, Martinez"
2483,"100 Burns Court, Pleasant Hill"
2484,"1300 Sumac Circle, Concord"
2485,"0 Jolie Lane, Walnut Creek"
2486,"Diablo Trail, Walnut Creek"
2487,"5400 Amend Road, El Sobrante Hills, Richmond"
2488,"200 Azucar Avenue, Edenvale, San Jose"
2489,"300 Marylinn Drive, Milpitas"
2490,"22600 Alcalde Road, Cupertino"
2492,"North Walker Slough Levee Road, Seaport, Stockton"
2493,"2400 West Benjamin Holt Drive, Lakeview, Stockton"
2495,"100 Shrader Street, San Francisco"
2496,"100 Diamond Street, The Castro, San Francisco"
2497,"600 Tompkins Avenue, Bernal Heights, San Francisco"
2498,"700 Rolph Street, Crocker-Amazon, San Francisco"
2499,"400 Faxon Avenue, Ingleside, San Francisco"
2500,"1900 East Sikorsky Street, Stockton"
2501,"700 Spreckels Avenue, Manteca"
2502,"Old Guadalupe Trail, Daly City"
2503,"3700 Callan Boulevard, Westborough, South San Francisco"
2504,"5900 Cabrillo Highway, Pacifica"
2505,"1000 Commodore Drive, San Bruno"
2506,"0 Maryal Drive, Salinas"
2507,"1900 Ord Grove Avenue, Seaside"
2510,"400 Nevada Avenue, Baywood - Aragon, San Mateo"
2511,"100 Alberta Avenue, San Carlos"
2512,"300 Genoa Drive, Redwood Shores, Redwood City"
2513,"300 O' Connor Street, The Willows, Menlo Park"
2514,"4500 Thornhaven Way, Edenvale, San Jose"
2515,"6000 Chesbro Avenue, Edenvale, San Jose"
2516,"1800 Barrett Avenue, Morgan Hill"
2519,"3700 35th Avenue, Redwood Heights, Oakland"
2520,"3200 Shawn Way, Hayward"
2521,"1500 Marietta Drive, South San Jose, San Jose"
2522,"2900 Stevens Lane, East San Jose, San Jose"
2523,"3300 Rocky Mountain Drive, Alum Rock, San Jose"
2524,"100 South Cragmont Avenue, Alum Rock, San Jose"
2525,"1200 Elko Drive, Sunnyvale"
2526,"3500 North 1st Street, North San Jose, San Jose"
2527,"Harvey Bear Trail, San Martin"
2528,"10800 Love Creek Road, Ben Lomond"
2529,"200 Poplar Street, Aptos"
2530,"3200 Blandon Road, Oak Knoll Golf Links, Oakland"
2531,"Calaveras Ridge Regional Trail, Dublin"
2532,"100 Dana Highlands Court, Danville"
2533,"5500 Forbes Drive, Newark"
2534,"600 Shaver Court, Prewett Ranch, Brentwood"
2535,"3300 Walton Way, West San Jose, San Jose"
2536,"200 Alvarado Avenue, North Los Altos, Los Altos"
2537,"600 Catalina Circle, Vallejo"
2538,"2500 Cordelia Road, Fairfield"
2539,"2400 Edwards Avenue, El Cerrito"
2540,"400 Duperu Drive, Crockett"
2541,"4400 Tolenas Road, Fairfield"
2542,"200 Madrone Street, Vacaville"
2543,"100 Hahn Way, Cotati"
2544,"4400 Culebra Avenue, Santa Rosa"
2545,"1400 Range Avenue, Santa Rosa"
2546,"1400 Woody Creek Lane, Windsor"
2548,"1300 Del Vale Avenue, Modesto"
2549,"500 14th Street, Downtown Modesto, Modesto"
2553,"700 Rowland Boulevard, Novato"
2554,"0 Oliver Lane, Mill Valley"
2557,"1900 San Juan Road, Aromas"
2562,"400 Crazy Horse Canyon Road, Prunedale"
2563,"Via Quintana, Carmel-by-the-Sea"
2564,"14200 Shaffi Lane, Castroville"
2565,"4000 Hagen Road, Napa"
2568,"Lincoln Highway, Central Sacramento, Sacramento"
2569,"4200 35th Street, Southeastern Sacramento, Sacramento"
2571,"3200 Port Pacific Lane, Elk Grove"
2573,"44000 County Road 28H, Woodland"
2574,"1600 Tamarack Lane, Central Davis, Davis"
2582,"1200 Manzanita Drive, Millbrae"
2583,"10900 Gold Center Drive, Rancho Cordova"
2586,"200 Richardson Road, Hollister"
2588,"300 Gardenia Circle, Fairfield"
2589,"6500 Rogers Lane, Vacaville"
2590,"400 Hopper Street, Petaluma"
2591,"26100 Clover Road, Hayward Highland, Hayward"
2592,"40100 Leslie Street, Central District, Fremont"
2593,"5500 Stoneridge Mall Road, Pleasanton"
2594,"1900 Lundy Avenue, North San Jose, San Jose"
2595,"1800 Shamrock Avenue, Santa Clara"
2596,"15400 Vía Caballero, Monte Sereno"
2597,"3000 Telegraph Avenue, Pill Hill, Oakland"
2599,"5900 40th Street, Sacramento"
2601,"800 Cole Street, Ashbury Heights, San Francisco"
2603,"11200 Kerrigan Drive, Chabot Park, Oakland"
2605,"0 Cable Roadway, Sausalito"
2606,"2100 Beach Street, Marina District, San Francisco"
2607,"100 Campus Drive, Stanford"
2608,"3000 Heidorn Ranch Road, Antioch"
2611,"2000 Evergreen Avenue, Assumption Parish, San Leandro"
2612,"4500 Utah Drive, May Valley, Richmond"
2613,"1700 Eisenhower Street, Shoreview, San Mateo"
2614,"100 West Portal Avenue, West of Twin Peaks, San Francisco"
2616,"0 Donna Way, Sequoyah, Oakland"
2618,"1800 Ganges Avenue, El Cerrito"
2619,"Dwight Road, Elk Grove"
2620,"2200 McGee Avenue, Central Berkeley, Berkeley"
2621,"4000 Rose Avenue, Oakley"
2622,"300 Langton Street, South of Market, San Francisco"
2623,"1600 Claycord Avenue, Concord"
2624,"1300 16th Avenue, Inner Sunset, San Francisco"
2625,"400 Alpha Street, Visitacion Valley, San Francisco"
2627,"300 Towt Street, Salinas"
2628,"36700 Mulberry Street, Newark"
2629,"Cochrane Street, Bayview, San Francisco"
2631,"400 Ginkgo Court, South San Jose, San Jose"
2632,"700 Campbell Village Court, West Oakland, Oakland"
2633,"2600 79th Avenue, Eastmont, Oakland"
2634,"Dwight D. Eisenhower Highway, Albany"
2635,"2300 Industrial Parkway West, Hayward"
2636,"1300 San Anselmo Avenue, San Anselmo"
2639,"1100 Blythe Street, Foster City"
2640,"0 Regency Circle, Salinas"
2643,"1300 Egbert Avenue, Bayview, San Francisco"
2645,"700 West Magnolia Street, Civic Center, Stockton"
2646,"7800 Arthur Street, Arroyo Viejo, Oakland"
2647,"900 B Street, Hayward"
2648,"2300 Lemontree Way, Antioch"
2650,"400 Palm Avenue, Millbrae"
2652,"2500 Glen Dundee Way, East San Jose, San Jose"
2653,"Indian Springs Drive, South San Jose, San Jose"
2654,"Robert Dollar Drive, San Rafael"
2655,"3100 Flower Circle, Marina"
2656,"7500 Hollanderry Place, Cupertino"
2658,"400 Mariposa Avenue, Shoreline West, Mountain View"
2659,"700 Volz Lane, Santa Cruz"
2660,"0 Burgess Court, Sausalito"
2662,"200 Hillcrest Avenue, Marina"
2665,"39600 Trinity Way, Sundale, Fremont"
2666,"700 McClarren Road, Southwood Homes, Brentwood"
2669,"2600 Yorkshire Drive, Antioch"
2670,"500 North Jackson Avenue, East San Jose, San Jose"
2671,"4700 Shannondale Drive, Antioch"
2672,"100 Greenwich Circle, Vacaville"
2673,"100 Rutledge Street, Bernal Heights, San Francisco"
2675,"200 Sandpiper Court, Foster City"
2676,"3000 Silver Estates, East San Jose, San Jose"
2677,"1600 Fallbrook Avenue, Castro, San Jose"
2678,"1800 Dutton Avenue, Southwest Santa Rosa, Santa Rosa"
2682,"Middle Burdell Fire Road, Novato"
2686,"8100 Merion Drive, Newark"
2687,"3900 Seven Trees Boulevard, South San Jose, San Jose"
2688,"3800 Valley Vista Road, Walnut Creek"
2689,"1000 Hayes Street, Fairfield"
2691,"800 Hacienda Way, Millbrae"
2694,"1900 Buchanan Street, Western Addition, San Francisco"
2695,"2200 Rivera Street, Sunset District, San Francisco"
2697,"200 F Street, Centennial, Redwood City"
2700,"300 Ponderosa Road, Avalon, South San Francisco"
2701,"6300 Little Uvas Road, Morgan Hill"
2702,"7500 Bernice Avenue, Rohnert Park"
2703,"100 South Washington Street, Downtown Modesto, Modesto"
2706,"10000 Bobbell Drive, Elk Grove"
2708,"200 Westview Drive, Sunshine Gardens, South San Francisco"
2709,"1200 Halyard Drive, West Sacramento"
